user_id,type,provider,provider_account_id,refresh_token,access_token,expires_at,token_type,scope,id_token,session_state
user-1,oauth,microsoft,ca9965e7-c6e3-469e-854b-126f44d16807,c61f0734-2bd3-421b-b7b4-793e2d45c465,47131b2a-3990-471b-82f7-f716485b359e,1672471804,Bearer,read:user user:email,eb131251-97b1-4c90-9919-cac3fe2fe448,e77c68bb-df6c-49fb-9ff7-bd2938518cda
user-2,oauth,microsoft,3d4691f9-a927-4eff-a0e8-d7791ed61250,c602e13f-c113-408c-8bd8-cf093f0addec,ccaa244b-40ef-4571-8c68-9fdefaa8e09d,1644339542,Bearer,read:user user:email,7f97cbd0-01ba-43ea-8acf-9b547deabd93,58f1509f-d033-4897-b3b7-862295f2893c
user-3,oauth,google,ba767f51-012f-459e-aaea-b8fa389cc327,a3e2c266-cf46-4454-ab6e-5fccec2192b5,2284885a-0406-4f1c-ad2f-2aaf4b1971e4,1691538997,Bearer,read:user user:email,c903c9d1-f294-4614-82b4-cb31e15a8d20,770b1f60-9271-45c9-9f43-739b7ae202df
user-4,oauth,google,75353128-838d-44ab-9444-f0a13fe55014,b40d571d-f720-4623-918d-5ba0cc9d9dc9,666ed77d-3810-4715-a7eb-33c024e8e0ec,1651183320,Bearer,read:user user:email,cad0499d-fb03-4f84-a186-0011afaae58b,1bada0aa-9479-4d52-92a3-6c1e9dc2dad8
user-5,oauth,google,a8b6da3a-d873-45a5-9713-289f75fc4d53,0f0c8351-f495-40fd-8f37-4a15b3aec6c1,618759a6-91c2-4dfa-8cc4-df4f7c97bfea,1680668216,Bearer,read:user user:email,8227f817-f505-4482-a758-5e4750551a36,5263b88e-1eea-4bda-a670-e69f58ce94db
user-6,oauth,microsoft,148784d8-15a4-4df5-9ed4-22611c643dbb,c5341220-e9d1-453f-b7b5-8a47df7cd886,ebdd77d4-46f9-42d9-af86-83485afd81f8,1695130285,Bearer,read:user user:email,a145f9d0-b485-46d1-85a5-7d967ea52ea0,f2016c45-d125-4d33-9491-79a2c0ff7671
user-7,oauth,microsoft,516c7056-c232-41d1-b3ee-1965b8ed2217,663f54ef-b390-4c43-9695-7a750b8c4f4e,60255f8b-e22a-4ba8-8dbc-e8241d6acb6e,1688935641,Bearer,read:user user:email,3e4a4ea7-f8a0-42cf-87f5-2bdffd678f3a,e516b4c5-fb47-4064-95e0-9e1b92c1a2c3
user-8,oauth,microsoft,d0ea1a01-8baf-4f2c-a16e-660988b56dda,03fb87af-d623-46ce-a9c8-00a1374ced2c,d4fb1c05-5097-40de-8abf-22cd5602fd93,1697024504,Bearer,read:user user:email,ed792bd7-b066-4ac6-9f48-828c30cae432,92a8f3a7-bf93-4792-94e7-b2eaaa75b75f
user-9,oauth,google,57847592-87df-48bc-b17e-1d5bc35bc806,3287f1cd-fc1f-488a-bf45-1057416162bf,d09abff1-1196-4f5f-9025-8b1c120d1e20,1664363334,Bearer,read:user user:email,b5c4927b-998f-45d3-903d-8752ec7889d3,3a96e9fa-5c88-428a-b9f4-42cb664e47fc
user-10,oauth,google,85b084f9-d91c-457d-bb3d-a01423387338,e289f8d3-0562-4c76-92b0-f1a7031c1893,073710ee-ae62-4ee3-b1a3-e0e1967a562a,1696481614,Bearer,read:user user:email,848ac931-6f7e-4770-bbf8-4e8f0a117df9,41b08f7a-e90c-4fd7-a0ea-62770adc516d
user-11,oauth,microsoft,3210f089-5fc2-4942-a56d-aed8af6be1d5,9433fd86-b392-48b4-8095-56bfe1544a21,589e1685-12c0-4a69-8462-43acbf0fb57f,1663239728,Bearer,read:user user:email,ca448b3b-a2c7-4b6f-b931-877660e86d14,9e38de04-6261-4b2b-8055-74c61287bb18
user-12,oauth,microsoft,2ce75004-13ca-4901-ad03-6dbb1a7cfcc9,adf517da-f956-4e0c-9e63-a9aa353fd00e,d538f9ec-1d1e-4bed-b36c-91b86bc5a599,1646105539,Bearer,read:user user:email,3d0c2f07-b633-49e4-90f3-113cfac9d023,8a06f03c-aef7-4224-bb1f-f9168041be2f
user-13,oauth,microsoft,859b6bda-8749-4faa-b58b-0d633dbf36cd,021d5c16-4085-4a85-80b8-a7ee7ea436ea,3a0cf026-f924-4df6-bac3-8b22dd353b13,1666305970,Bearer,read:user user:email,7fcf587a-e727-41e8-9218-c98f32e920b7,0fa2f747-580c-4289-9f55-53fdfa51f41b
user-14,oauth,github,a251df2a-5892-45d6-aa31-256ceab6c8f4,5946dafc-56d0-4eee-a52c-fce8d1c89e24,4117934c-dcc2-48a7-8bab-0e43fb28cfba,1648254600,Bearer,read:user user:email,0b67fdc0-5b7f-4e9a-b641-d73314067fa5,7dc1308c-08ea-479e-bce0-f110a2c4cc49
user-15,oauth,github,d5620df3-5291-4808-9f5a-cf61fedf6b94,8219286f-4d2c-4bd7-aebe-aa70a93a4809,332be0c8-d4b8-4f07-80fc-c6d6b2f05be4,1660724809,Bearer,read:user user:email,33408c16-98b2-4306-a772-06d37a222d80,67105bf4-8aaf-4c45-aea3-59c72b0ee2dc
user-16,oauth,microsoft,dbec8641-51ac-4c46-8df8-fee381268213,bcbbcad8-9f66-409c-a009-98142233b5aa,c104e85f-ff0f-42f7-97af-bc04f5d41566,1670383181,Bearer,read:user user:email,58da6b20-14e1-4ae6-90ae-0b02f2b28f4b,59661ad8-25f2-47be-a12f-f790d4b86d96
user-17,oauth,microsoft,91ed1379-6f0f-4b27-82a7-cdc68966d0b1,6810727c-1712-4ff3-92ee-8538eae4c33c,cd00e743-98f8-4c65-ba42-d13abf3a1356,1655602671,Bearer,read:user user:email,18e4954c-afc0-47b2-a119-a890b203f8e2,73e8b21c-728f-46cd-97d8-9feb148a4970
user-18,oauth,microsoft,95a03d1e-7d2d-48f1-b628-23e963679e61,7a1c9c2c-5647-4228-9d5b-d44386247ca9,10321bf0-41e7-4ad3-afcc-82e2bd5f21d4,1648866389,Bearer,read:user user:email,08629fca-a9ad-4ff3-aabf-ba106d89fba9,a818f29b-313c-478a-a38d-b2238411a146
user-19,oauth,microsoft,eeec22f4-8b67-4f09-af9e-9e0bafd03cfa,d8302b23-370e-4fef-a1a0-45e8d0a8f351,5b81a7cd-bb05-42ad-aa3f-45a8327a4869,1683080609,Bearer,read:user user:email,cbeae22e-e795-4610-9a65-cd0f8160ef9c,5e293494-1ca1-4987-9c5e-9b9f4ade9948
user-20,oauth,microsoft,9da7a1d3-38cf-4507-a2c7-3a527cd0156c,85c3d157-594a-4b8f-9b80-b071abf9544f,6a73e8b9-3c21-4c5c-90c3-2a313c741d0e,1666502679,Bearer,read:user user:email,4c5988f4-073f-4237-86ab-2b7c62bb53cf,43939e20-46a4-4250-83fc-f3be8815b091
user-21,oauth,microsoft,bdc0d819-fcb5-4262-ab2a-a61636343a3c,c1116576-130a-459c-b560-42ff4da70a92,d21f9d6b-6e60-4f60-a925-6ff7f7bd3d91,1671578976,Bearer,read:user user:email,f881e1e3-296e-4aff-8175-2be0ea75fcbe,6ff541c2-480d-4259-8f46-a0f3ebbaab6e
user-22,oauth,google,732f52f2-f223-4def-8480-551c02734776,f79403c1-4291-4c17-9bef-a3740ebae677,d3a87d2f-1c0c-43a3-8a58-a5911636d5b8,1646801634,Bearer,read:user user:email,115da363-14d3-49a2-bd72-4e027329bf17,39e98912-deef-4bb8-88e6-aee4a6c3777c
user-23,oauth,microsoft,281a1691-dcad-463d-bdce-03548b11ba84,0e580929-9d96-4125-80cc-197e5924c55f,c8e0d0b4-cc12-4ab3-8516-61cf99990cde,1665123110,Bearer,read:user user:email,c957cc8d-f5f1-4fe4-95bd-316256f386d6,8a9b0b78-70fa-4441-a324-532db23356da
user-24,oauth,google,7477ba00-eeaa-4ee3-b4c8-567c4a50aedf,5a1d2412-dc63-4094-a301-f332b86b5cb0,e0f97e8b-a478-41a5-aa4d-fce26b5b18df,1647184051,Bearer,read:user user:email,7c140684-b841-4213-b9c4-c77d00bceac1,8d441f29-7369-4a89-8758-e61ef236f115
user-25,oauth,github,8a8470cb-3894-4ceb-8c21-656f2e4bcb69,ad81db2e-d1e6-4d6d-902a-b7da43c49392,02cb4406-c5bc-4756-8911-bbf1031fc036,1644999337,Bearer,read:user user:email,0edc3c06-3456-4364-88e1-2950da7118ac,21f4da1a-ae1b-4e1d-b9fe-0cbe182a9069
user-26,oauth,github,a4e70932-8b80-44f7-8e01-bc42d16b4d89,06bc7041-ac27-4bdb-bf54-b1a6b3656b00,9a6bdb89-81bf-4b41-b9ee-2754670efbff,1649045324,Bearer,read:user user:email,35b76165-4ea5-4b7a-8b99-cc4ba34ab9e1,a17c65cc-565d-4054-a935-9282a34fb047
user-27,oauth,microsoft,96fe2403-10a3-4c03-ad28-0081ccaffe4b,2c0511a4-143a-479d-ba3e-5f863776be7a,6280d6dd-0e0e-4239-b503-3d58b343aeeb,1690213302,Bearer,read:user user:email,df46981f-1aa7-4b8c-b674-ff920b0045c6,7cbab6d2-fcae-48fd-82b1-637926f8eac0
user-28,oauth,google,7447bbe1-9464-4696-a62d-dd3ceccdd1ec,e50755ad-379d-40c3-b65d-77a2cb6f8cc3,ad594a12-5387-4e8d-8951-69c1c8f65eff,1664393110,Bearer,read:user user:email,23037d59-c6ca-4995-8296-c5e2eadd2da6,8d210c2b-24f7-4067-95b7-9c5dbde84921
user-29,oauth,github,f7c7515d-8691-4bc6-9901-e6070d54d03c,450e9eae-06a8-4a55-9b11-775430b545eb,939b665c-2c6a-4bd0-9407-813f1d4c4eb2,1673409854,Bearer,read:user user:email,260f4382-70e2-4ee0-8b09-a25d183b4a2a,ab8f0033-fbe8-4ad5-a1e7-77745a4ceaca
user-30,oauth,microsoft,d5a37e68-75b8-445e-9aa4-bed09aab3446,3341368a-d6f7-4ed2-ae00-9635b76ea008,b439d5dd-d071-4982-aec8-cb09505431f2,1678158710,Bearer,read:user user:email,e87c47f5-0447-4c89-ba46-33bbe2bc7c1d,c1398292-1e01-47a0-8b93-9f739b4d3dae
user-31,oauth,google,1cdea91b-a6af-42bf-b388-8b43903a9205,6e579367-0c5b-457c-bd8d-57251cbae6ad,7c0b8d82-081d-44f6-86c1-ca79de4e6d8c,1692357123,Bearer,read:user user:email,c456ce95-2530-41d8-81d0-deb23511e9be,6b9fe718-8f0e-420c-9e46-dcd9567e8eb3
user-32,oauth,github,f5153913-4ed5-461c-a855-024b18f04373,8273e7c9-bd68-48d5-ac49-eb7899ca1eeb,ab4934b8-2b15-46a7-8e8a-afb62bafd1b9,1679410803,Bearer,read:user user:email,a748e99b-b476-4c79-94f9-07dee123899d,cf112093-ded5-4748-9391-72f114ca51b9
user-33,oauth,google,1003f17a-b5ed-4a52-8438-45e54b4bf694,f836acdd-9890-4cf0-a882-d4bed8b2e0f4,8a514d6e-cef3-4a01-8b5e-0bdd8c445c8e,1692391674,Bearer,read:user user:email,7e06bbc3-b330-4e27-93c5-48478be32a31,87f4273a-14c2-492a-848b-48731533d600
user-34,oauth,github,e0e012f8-3391-4074-a79c-60acd89a92cb,7cf9421b-8107-4882-a50b-8cb98cc48b70,f3b4cfc6-aaeb-4cb5-a451-36a9978a0aca,1647854955,Bearer,read:user user:email,e483236d-a5b2-40f6-a8cc-4684b7265f3c,0cabf821-033d-4650-acf7-f6671cc5afba
user-35,oauth,microsoft,011e1ebc-229e-4328-a779-983e7ffc543a,3958a918-c2f2-46f4-acef-6ad3aa44fa9f,260a45b4-e960-41be-a59a-6696ee6a830d,1671390721,Bearer,read:user user:email,42edacb2-a306-42df-ac4f-e43649578d79,465c12ed-45c6-4f18-b303-8dab23b94a59
user-36,oauth,github,2a765dcf-9c53-44ce-8456-d2d22764003d,05414fee-aa05-422e-9d46-e865b2789bdd,9f56d956-0d90-4ff8-b88c-06dd1fa5a867,1682142099,Bearer,read:user user:email,4891aa94-8be3-44e9-b1c4-4af448f01723,d76466c1-031f-4555-b2ca-fdfcc3297eaf
user-37,oauth,microsoft,e23371b2-8878-4897-a521-5c5b61198925,3695a72f-f4c9-4736-96a4-3baf305333b2,29bb0505-4b32-4ed2-9fb3-01fc81e72fc3,1650376070,Bearer,read:user user:email,d9cb4869-fcae-430d-b55d-69f41587be36,4efda448-761d-4333-9e2e-f3739ed8a2bb
user-38,oauth,microsoft,83249eca-dbc8-4e87-98be-c6b2230e8999,849f2054-2f5a-487c-9a73-d120924ede62,7a432e5a-9d0e-492f-8337-4718023716c4,1699451832,Bearer,read:user user:email,b2458895-72f4-441a-b3c1-d5cfc8997c18,e4330683-fa26-42d0-8e44-a167a2a1150b
user-39,oauth,github,1f445212-591a-4538-afce-fbede9285af1,e529bf06-d784-4f32-bbfa-603a0c4b61e7,618e41f4-3322-4780-b121-05de3d26843a,1650303245,Bearer,read:user user:email,6468f9c8-a065-4396-b0a7-6489360fa503,6f95f046-b6b4-445d-934b-910080f49aaa
user-40,oauth,google,440e38fe-2c6e-41b3-b8e2-1cbe1eb502fe,f3e85b01-005a-4329-a6bf-7b16599af465,f6dfc5a2-a8a0-41eb-b2f9-d4f53ae67650,1701662627,Bearer,read:user user:email,c1473a1e-4b54-46db-a5e8-af37988c521d,240a1beb-c8cb-45d2-ae28-1a230d237c88
user-41,oauth,google,b7381450-aeeb-4973-ae3c-dd493fbd2ce4,5135e07b-356a-4925-8ebe-fc5756649e2a,57cb1633-f59b-4d28-8c86-af4216af67ad,1701587675,Bearer,read:user user:email,56e16f16-d34b-4d10-8d00-9e1792e34174,bfa85856-7f60-4f92-a902-d009a40b7dcd
user-42,oauth,microsoft,486a19fb-b402-499f-9642-40d7c9243a0a,0d9726e1-d5b5-4ba6-beef-f3a2dd75f08c,99bd32ec-4449-4769-aa2e-11c3c840ce93,1652962802,Bearer,read:user user:email,56caa34f-3625-419b-bb4a-7a864cc8fd2c,010150df-1ba2-4311-944a-ae69b8cfe4ad
user-43,oauth,github,c5a73825-7d9c-49b0-a6fb-3172232b46b6,173a4031-937a-49ed-8138-cb2339fba0c5,555cee45-029a-4e02-b259-c5a5e79f03da,1676130058,Bearer,read:user user:email,282e999c-b73b-438e-b3a3-bdb8e4500f66,d7875631-b512-4686-bd69-e8cdac6e2448
user-44,oauth,github,bce677e0-222b-4e9a-880d-d8383d851b4d,24e7472e-4d9c-4b41-ae3e-50f03eb320e5,1c301dce-b12b-41bf-81ee-82feb97b2ef3,1693333000,Bearer,read:user user:email,ecf671d8-1a2d-4a87-98a7-92b7d819a9ab,a4c0fef8-2dab-44c7-9457-e53d67a4d920
user-45,oauth,github,aead1198-f66a-4197-934b-1d8c69acc966,72383398-ebc8-44d4-abd2-d5524f36146f,e38bf480-a9ce-4a89-aa82-f3889aa97342,1647664434,Bearer,read:user user:email,4d668232-9fac-4634-abc9-2402a458063e,411756e8-92a0-4e6e-b4a0-4937b291758d
user-46,oauth,google,8f88b947-5d4f-4efd-808f-3dd6e5dd76b6,0e3e4594-895d-4b3f-a4e0-bf2d09da7041,a76fafba-af97-4a5a-846c-594a19720a22,1654512816,Bearer,read:user user:email,e4393127-2411-4e12-8e8c-08e59c4ca218,a3797b42-7423-401b-a8e7-43340362b3bc
user-47,oauth,github,2f273622-c676-48a6-8c5e-d580261ab889,104882fa-f6ff-401d-8901-82faf49843f2,dc220c45-a270-42e5-931e-fb7fb39ecf90,1664746075,Bearer,read:user user:email,334e2b82-5b5d-4738-bee0-1e572c7f2d82,6d45e152-e733-4cf1-a5ff-ecb4fb15717a
user-48,oauth,microsoft,9a091763-fc93-483d-b135-18755f301756,c424877f-67f5-420f-8d2e-9f306acdf3af,b6cd5ffb-69df-4873-956c-8f051ac966be,1652013976,Bearer,read:user user:email,850926ca-1947-475e-bb8b-f2719fb6e075,5ae59387-9357-4f5e-9d6a-63e5b1c4490c
user-49,oauth,github,c514f86d-75c5-4845-be1b-2e360186a6eb,329b0675-80f9-4e54-be06-baf48ea8b969,1319ee67-632c-48d0-b3d0-5e4e0783f2df,1675920291,Bearer,read:user user:email,245bf740-6ed1-4796-af08-98bc62594a5a,2ddab1db-8a5b-46e6-8d1d-67a595931222
user-50,oauth,google,fb1b26bb-b587-45c9-bd42-5b8f5dd3ed4b,7d1f1b79-412a-46b2-ad12-e8d5818ca98e,2b493ff8-ec96-4aa2-8bfa-0b69db2e8582,1649411571,Bearer,read:user user:email,ba321486-974d-4dc9-ad18-8ab605f1a8de,6a0b6dd3-1c02-447e-b262-5b4df959ece5
user-51,oauth,microsoft,e94b06f5-9f0a-43e0-b621-e285f0469899,480d799a-90f6-4f18-8fc9-939917269b41,2104159a-a043-4979-b797-413e9878a07e,1668029070,Bearer,read:user user:email,359ae3ab-73e0-4089-934d-dd00679a8e52,b2ea3148-2b67-4e4c-b39f-30bc28560b90
user-52,oauth,github,5ddea340-019f-4395-84ac-a9edd38a3f5f,3d1c0dfb-332e-4a69-ac6b-a7862aaf6452,f6b7fdb4-e325-4c29-90e1-d7d528c61c14,1653286140,Bearer,read:user user:email,85b54e17-b131-4e67-b2ed-661166d7b27f,a4b87bde-751e-41c8-838f-3b6a376e8dd6
user-53,oauth,google,7557cac1-dc0e-4d37-ab2d-fb1401cdddf7,7e443803-11dd-4647-85ea-04af6f12682f,ff9d2a5f-345e-46f2-9291-ff25fc700316,1680729974,Bearer,read:user user:email,99eb93fe-3742-4507-bb94-590822c57e6d,cc2b48e7-a508-4d6d-af58-be76cf030eda
user-54,oauth,microsoft,aa817ec0-cb88-4f66-beb7-e0e47fba1961,3b1345e6-21ee-4caa-add2-64192f4d7b92,89a896b1-dff7-47a1-b461-ccfaa35e48d5,1671649948,Bearer,read:user user:email,24db08b9-cf30-42ca-85b8-bb263ec36248,3b73deaa-9aa8-40d8-b669-3a9cbb74d3f3
user-55,oauth,github,f69698ca-dda9-46f7-a2d2-b482f9dc73f2,bd343bbc-a5ed-46dd-a2d6-095ac803328f,1d02d6ee-5701-4c8b-83ce-ad2c0c7b93b2,1697728857,Bearer,read:user user:email,e28551a1-9081-4320-a59e-b25781c12a1e,27cf2440-9081-4047-a560-8655664ae66d
user-56,oauth,microsoft,f1392275-29d0-489e-94d3-76eda7673174,dbe37e3e-45dd-4858-85d6-5dc1283724a7,210f93c3-2104-4900-99f0-7968bc5b7a37,1679555144,Bearer,read:user user:email,0aed96f6-8070-40e1-951b-3ce193908db2,b1efcfca-7890-43dc-a81c-0d5552c8007c
user-57,oauth,google,4cab175d-0d28-413b-96bc-cd60a116e29e,a8c6aedc-6f8b-4d83-80c8-1359a79b3eb5,b75c43f0-c068-471c-96f3-c559363eddae,1682534540,Bearer,read:user user:email,05b4850a-27ba-4efd-9a5f-1a68a673fd30,50be9fea-0630-491c-af64-40e7eb3543d1
user-58,oauth,github,123d26dc-049f-43f8-90a6-8c227427911d,2760b34c-7247-4c60-ab4e-d41a9a9e085f,3491fb33-63a4-4073-9a9a-1900c2780194,1641071712,Bearer,read:user user:email,8569596d-b48a-408b-9143-fcf5817b19e8,1bf00cdf-779e-4c7c-97b5-e260c9fe1b54
user-59,oauth,google,97d966ec-db0b-4775-91db-14fb027a2354,94557926-c143-4e3d-9acc-8a68216007a9,ccc1e484-5161-4321-9aa8-264e0c30dc3a,1700773556,Bearer,read:user user:email,843b9ddb-31f3-49b6-80c8-7ab815fd2bad,3f7cb065-c994-47e1-b4a9-6b8730cf634e
user-60,oauth,github,53ad40ac-e997-4f46-bc24-f53aea3a3b6c,95e6715a-ef3c-4933-9438-42f8bb493dbd,6a646de6-eef0-4661-96ae-63a367c5bcc6,1694031844,Bearer,read:user user:email,9bc3375a-2b29-4059-adbc-913e0505da12,811ce62f-5d5e-4e0b-b56e-20dc94a35ffb
user-61,oauth,microsoft,3cff6120-4e1b-4ebc-8ae0-bcc486fa56f6,77ff655b-754c-4b9b-bbba-a0fce17412b5,91515518-da1c-4608-b4a1-df0e817e710a,1670373062,Bearer,read:user user:email,152e146a-5894-449b-afa1-d33b79414893,a00fa85b-1a69-4cb7-befb-f818e42ba287
user-62,oauth,github,f79df1ee-7805-41ef-8baf-452f54acd5f9,6dab3009-8f62-47e8-9c95-474ad271b23b,dc66bf52-984b-4dbc-984f-14fa9101d5ea,1685140169,Bearer,read:user user:email,d993f82a-de02-440c-81e9-b9eb1ca78c00,d1da851a-7f7e-44ec-8b50-2a6da2fe29eb
user-63,oauth,microsoft,e641e257-4f2c-4db6-8c7f-e58ff7020c80,013492cc-20bf-4632-ad75-aa762258666f,81ef21e2-0516-463f-a916-d97e489e6ec4,1690279567,Bearer,read:user user:email,3cf263a8-d83d-4d5a-9708-f582618e2be9,35743705-7641-4238-a296-70209a865d85
user-64,oauth,github,27a5d186-d26a-49e6-aa05-983ca226c7b7,d9311ddc-602a-4f0f-b397-4e214903068d,346d1a6c-c61f-4d8e-8f3a-8dd9e9cc8532,1658539443,Bearer,read:user user:email,857e7cba-4edf-4e3e-92b9-4fae41b553b3,9a9e5703-68d1-45a8-9d92-f4b16f161a7c
user-65,oauth,github,15e9b06f-4c68-426d-a79c-9cdd0de58ee3,a81a9c3f-95ee-47cc-b833-628b0515bec3,3e45e6b7-2a0c-4765-ac73-4994ab7360bd,1686666845,Bearer,read:user user:email,51b461d4-c3a1-4078-b059-abeba5e2cb70,ff1d0800-8474-4d8e-831b-ca1823685f98
user-66,oauth,google,716a9734-eb1c-48c7-9846-41c088020cfd,023ab489-5b14-40a2-bf35-0318d733985f,e2ea53d0-74f6-4748-9820-e0d5c76f2389,1687889331,Bearer,read:user user:email,1622a1e4-4720-4597-836a-2d225801e510,e476c07c-157f-4816-972e-26c4b9ea80f2
user-67,oauth,github,4750e3a5-bb31-41a4-a858-bb710ceca1fe,a1e7583a-9a7a-495d-a619-88679dd28d2f,45d9ccce-15f2-4814-aba7-790ed7ff5298,1641311001,Bearer,read:user user:email,aea4fbfc-6e17-4a9c-b650-346f39b1ebdf,da4e07f5-64a6-4561-a75d-504a8b1b9a7c
user-68,oauth,google,f401c753-ade0-4f96-b59d-64bc66714119,4505e460-6a4c-4915-b4a3-0a1e9c1f2f18,cc0f87de-e3ba-4b2e-a77c-5b1f207dd687,1695557403,Bearer,read:user user:email,0fd3bdd5-e602-4a73-b4db-c4fa168f2e47,bc7ffc65-90f2-4c6d-8f11-1f3851fdb624
user-69,oauth,microsoft,7b9ff620-1fd6-4dff-8e54-6297cd0a7014,c1bc4571-c332-4492-96ee-36273cc893ad,9311d4db-e041-4cf4-b3d7-b68e915d6fb6,1670246218,Bearer,read:user user:email,438a186d-b5c0-4c19-8bf7-300e0f8b414b,89d6bb62-31b1-4281-9c7d-ef3bffbd0df3
user-70,oauth,github,75b1a54f-af2a-4f22-a74e-2f9a2d7c3603,eb50c64d-49d1-4f83-ac15-fa73ef5c1876,7f64630e-74fe-4118-b85e-11c38015923b,1662531667,Bearer,read:user user:email,b4c578bb-5fb5-4fbb-a012-bc190c89796f,946aa759-0a92-474a-850a-611e0c62afac
user-71,oauth,google,9aa56ab8-9c73-4569-948b-29d1eacb065f,1592eb10-66c6-44c0-99fe-2d5b0f9e2cb3,562d239e-c36f-45d3-8343-e472406b2dde,1690013782,Bearer,read:user user:email,4ec628b4-f7ed-45a0-a587-fea64ebcf287,90eb93b4-c3cd-4ee1-bedd-ea8ad11c0938
user-72,oauth,google,4f69a429-866d-48da-90dc-9ade55d64262,c9409778-23f4-47f1-8066-276f17c6cabb,8e9a7d40-cdd1-4fd8-a616-892022786a71,1697447373,Bearer,read:user user:email,7d663b00-dcdd-4077-a755-2a4622f8bc48,70477d72-f30b-47bb-b745-69042f0e0c34
user-73,oauth,google,b735be88-4fb8-4ab4-838f-5c2c12391873,432ad92f-9189-4367-9ce8-b6f21ecd21af,ce9b52ac-8455-40ed-85fa-07e072bf1f14,1683331936,Bearer,read:user user:email,90f3f3d4-d468-4678-bced-000d3be0aa91,475589df-d2cb-463b-b106-cfd5d9037a0b
user-74,oauth,google,b424ac32-961d-4e84-829b-64d575769d22,9edc6d54-2ab4-40fa-bdd0-5f17a7f1db3b,3a70d5c2-77f1-49c4-b062-effdcfae8651,1703271669,Bearer,read:user user:email,829c2c27-7331-49ef-9425-a98f81bcad1e,3c178202-c42c-467b-95cc-d5dc9946a325
user-75,oauth,google,07ea7a6f-59b8-45d2-91e7-ba71490d117e,3d3a2232-4b96-44b5-834d-6b524323251e,326549de-df91-43b9-9781-3728b8c91c0e,1648074216,Bearer,read:user user:email,01a152a2-09b4-4acb-bc17-7e57413176bf,89ed1960-7a09-4b9f-b315-b9955356ee7d
user-76,oauth,google,e9aa0588-eb49-4cce-9596-0192b3a7ca4c,a3f6ec43-f289-42bd-ab29-a3049b71f9fb,59d1dae1-b86e-4557-a684-2cef0d62b7b7,1641914962,Bearer,read:user user:email,7940d1b0-b892-44d4-b62a-bb1b0ae1085d,21b82767-885d-4c05-96cd-514669bff21c
user-77,oauth,github,c4013dc7-eb18-4c5d-b845-5728505d1d6b,b0c38f50-e800-4395-9d8c-624d74b5c58f,e2fb35a7-40eb-4f73-8cd7-aeca310df253,1641511098,Bearer,read:user user:email,2a9918dd-8cca-4bfc-b4ca-27504b510641,390fbd63-305d-46bf-881f-271f56e02067
user-78,oauth,github,641e0d34-9354-4c1e-b377-cc2fd75fd870,b354f249-b275-4580-9251-e87fc1f53295,1ec4aadc-767b-4ae8-8175-2dbdaddece65,1682004909,Bearer,read:user user:email,74ab9aee-def1-45c9-9287-8c3fbbe58368,de1a0e6d-8c94-4bb4-8b51-3af42076cc61
user-79,oauth,github,2b8a34b3-d5f3-4b9c-99ec-849df51302df,a43632df-9fcf-4cb6-b570-29961aa8fb14,ef8a180a-7caf-4683-9235-1eb0912a4b76,1669962625,Bearer,read:user user:email,d82d0beb-8335-49e0-a040-698178531014,a6310b15-0f6a-4850-849a-808659da026c
user-80,oauth,microsoft,285e687e-dcb7-4b0b-ad5d-804a883372fa,07ea488a-9b7e-4981-a4d0-82632ca281c7,cdbde713-f4f3-4dde-a5ed-b5fbef986ed5,1687172532,Bearer,read:user user:email,76283ccd-9585-4c20-8f9e-55f2d2b65663,b2b501d3-2cca-4845-b2cb-ce14635acad0
user-81,oauth,google,7185ad5f-84fc-4cbb-897c-78cf6a04d5fc,a8dfabac-3175-4f92-a3c8-e94ad42de7cf,955b11a3-e9ce-454a-b59a-9350b33fb584,1700895223,Bearer,read:user user:email,b94eed3a-039c-41be-b169-8e5b6383b33e,d95a4dc8-3a08-4218-9316-9e192daa8015
user-82,oauth,github,9b4bb2a7-3ce4-4452-aec5-873d1fe0888f,8c971d96-f1e9-4841-9c2a-0ba73dfdfdf4,7daefeb5-2b68-4982-8700-5f1dff359b30,1649101616,Bearer,read:user user:email,f7af9d15-4b40-4131-9b7d-a88732e9d9b8,f20098ec-e3bb-407e-b26e-580d91209829
user-83,oauth,microsoft,c5ed1d4e-4e3f-469e-aceb-94c4dbe3a804,d3676f29-8a2d-4872-85ce-5e9d0e792797,22be5045-7281-4552-9edb-05c8df24b05d,1647851236,Bearer,read:user user:email,2be45ab8-c581-4a72-b97b-b18a08fda062,b76f7e84-c443-4423-9a8f-b40faa67aca7
user-84,oauth,microsoft,a8d1029d-485d-448c-b4df-3a78d66bed34,40c7d855-7ea0-475f-b16d-f1708278f43a,23112a7c-f8b7-4b6a-9010-ef22e56a9d01,1660902938,Bearer,read:user user:email,50654b2b-0d71-4520-b3e5-be6c43e6ab95,8ed92177-7fb5-405c-bc2b-113e1af5041a
user-85,oauth,microsoft,fc50be14-e282-46c9-af8d-d3e5e36ba59e,48ff79b8-ff4e-4446-9c3f-b539f5892a68,069c9b89-2c94-4215-8367-174f37cc0ed7,1667071849,Bearer,read:user user:email,8952e584-3083-4e90-9d49-b68744d7acf8,e29f71af-d2dc-448b-94bc-67788ad4dbe6
user-86,oauth,github,653d8ce3-28db-48fb-a1c9-12739268ce55,ea21f8e3-19eb-4728-a4f1-415e0c84f6ab,b57baac1-c664-4950-a3d2-9e1981f3da29,1668635642,Bearer,read:user user:email,692880aa-8080-4dee-a25f-fa33e1272704,29e68b4c-376b-4b0c-b86c-73d17d567aef
user-87,oauth,microsoft,395dbd18-f5cd-40e8-b9d0-55512e44dfaa,d52a7389-8d99-434d-b1f0-12215c60621b,047c7250-7d3c-41f2-b9f3-31f737c6e07f,1682613777,Bearer,read:user user:email,60605f91-7508-4160-b1e6-89aef181bc4b,ed2f6051-f3f9-4658-aaaf-11748af82eea
user-88,oauth,microsoft,3d7ba63c-8916-441c-83e6-0deedf1b75cf,d6a1c582-c8d7-4ee8-846f-b999441b7869,4df82105-8108-42c7-9fae-ec9f87baf073,1701791630,Bearer,read:user user:email,c364d5da-8196-45c3-8940-213d694fffb3,d56329fa-9967-49b6-953b-895e6a4393ee
user-89,oauth,github,02685057-1f3f-4829-bed7-c3814dd5dd95,c4809dbd-158e-4a55-888f-8995dd64cea2,751d43cd-1ac0-41ca-8ad8-b68b7ea6ee7b,1655989180,Bearer,read:user user:email,0d9b0172-5325-47be-bc2b-192d23584638,0d3f0f0d-eccd-4987-bd96-36792ec72b54
user-90,oauth,microsoft,a7d47a8f-f7cc-4552-82ce-d8db62abd783,60a4b671-7d5e-445d-b4ac-26e9121d8786,9d8ac2d1-d8f1-46fa-a23e-08b96e67a8cb,1672638005,Bearer,read:user user:email,1036cbdf-df0f-4793-b576-24e7c829e4cb,d97cb0df-1f67-45fb-9c91-e853d9469c4a
user-91,oauth,microsoft,0913e2e0-9a50-4526-bf53-b3d93fa438d7,561025fc-42ea-4ef7-8412-6a9cb60436ce,3be98cda-490e-4264-b8e8-6ff48d403fd9,1671743647,Bearer,read:user user:email,bb5471c1-3893-4e07-be2b-5307daedbbe4,411ad5f7-50d8-4a57-8cb9-95bd4c7799bb
user-92,oauth,google,9cfd01d4-8598-47e9-82e4-645fce888d9c,f6bd251b-29dd-40a8-854c-0727a79b53b8,b31bb05c-734c-42c7-a74b-1a6e2a1dd1e4,1667637806,Bearer,read:user user:email,9eb05221-7808-402b-b35c-666587383bec,d7fb557b-9bae-433a-a64c-b03c6bab533d
user-93,oauth,microsoft,8f7a3485-f9a3-4ab7-bd1a-a8efc7b5a188,fa51b3b0-574c-4b6a-bb3a-e6eee022c702,80a6ad3d-ae1e-430c-9333-e7ee981d63a8,1676694405,Bearer,read:user user:email,73812884-cc31-413e-ad2e-cb87039d8395,a3ed4c47-1db7-4f83-8564-843f19e21dcc
user-94,oauth,microsoft,a733847b-d3d5-4f70-ad4c-6c7460a3d7d4,848be030-8ed4-407b-a2f7-e881eaed6462,c07f0dd3-2557-411a-9f30-9e917ab7abe9,1674263566,Bearer,read:user user:email,91de144c-c382-40b7-99da-63f3292b0451,791480c4-b08b-4c45-8b73-774565db84e5
user-95,oauth,microsoft,1c6054a2-88ee-4bbb-b5d4-9727479ebeec,1f75d40d-6044-4e4f-9dc5-5dbf91c786f8,07430d61-0cde-42cf-b3d8-549e14ef3177,1674953992,Bearer,read:user user:email,4de4f435-4c3f-4109-ac9f-5c67e472081d,6edb600c-8086-4e64-a24f-3946a28b3a59
user-96,oauth,github,fe194f56-5d5a-475e-9e01-a1603371e9d2,2d0a4120-9c4d-42dc-bd0d-e09ba6d6ef0b,53533895-4d22-4c4a-82ef-0754b1ebdb20,1643280047,Bearer,read:user user:email,aabe16cf-6166-4067-aaff-77100a5d3e4c,d8466a9b-b4c3-4a88-97c9-81ceeae07f55
user-97,oauth,microsoft,c6a739fc-80cd-4de5-926e-eca475bad22b,5f8d6486-5a83-4285-b583-02da0948ef80,7fa9ccbd-2fbc-4897-a94c-a8b3f3e8c311,1700607245,Bearer,read:user user:email,d6b64594-117b-4ad9-9a68-d2ef5f813d81,bddea841-4bd7-4549-b98d-32c0d7fafffc
user-98,oauth,google,57a5d992-2e4a-4e42-89a2-05aefa0ed89a,8a0cdde2-b166-4450-ac2c-4b7989713f5b,0a343989-3401-40ba-8c38-542813a3292d,1700233952,Bearer,read:user user:email,189f1542-f955-4ea9-a541-b7b2cce8483f,4714e86d-84f3-4f2b-b2ef-e867d376938a
user-99,oauth,google,305852fe-26af-4781-9171-d5ab868ca2e3,d518b6c2-3575-45d1-bdd6-d172d9a6545a,f12fbe84-de48-4e69-acd8-577b08dcc76c,1657310911,Bearer,read:user user:email,449bee5b-e5e9-466a-837f-43d7c2929c94,9f488762-e975-4f2e-b010-a72e3368d8a9
user-100,oauth,google,976fabbc-4b0c-4590-927a-29bd88d78a34,9b3bffee-699a-46a3-b90b-e43bf59a6bb5,f9374002-341b-4334-b191-124fbf76d905,1648198037,Bearer,read:user user:email,c298a00c-9515-4022-a410-f3ac785b243b,b06a5be6-3806-4795-ae97-0bda22c8ff99
