id,event_id,user_id,position,division,status,created_at,updated_at
484a1090-f968-4bad-83d7-89cbe7418272,event-98,user-39,Wakil Ketua,Perlengkapan,Declined,2026-05-08T16:31:15.900923,2026-03-06T03:56:30.399090
147a85cb-826b-4b1a-8e1d-743248298b82,event-56,user-40,Wakil Ketua,Acara,Declined,2026-06-14T12:11:29.067573,2026-04-02T23:16:29.272526
7a9146af-7e7e-4790-b991-8a7f96db0962,event-33,user-23,Koordinator,Dokumentasi,Accepted,2026-01-25T18:49:01.847957,2026-03-10T22:55:44.658639
0a347a27-09c2-4f50-94af-21534714f771,event-45,user-41,Bendahara,Keamanan,Accepted,2026-06-17T17:46:17.215290,2025-08-10T22:52:34.950346
abf3054b-3b03-4e2d-b51c-4b77204cf4c4,event-6,user-46,Sekretaris,Keamanan,Declined,2026-07-29T04:37:51.668042,2025-11-12T12:07:17.221392
36764b3a-a1b8-4d22-9c10-aff890933d50,event-88,user-83,Wakil Ketua,Keamanan,Pending,2025-08-17T07:25:02.069436,2026-05-11T04:12:42.642678
ebe87605-6171-45fc-9798-311ed8858594,event-63,user-88,Ketua,Humas,Pending,2026-02-24T02:43:08.653064,2026-04-12T16:44:59.093746
5a6b19dc-769c-495c-b8bf-24ec30d09d1b,event-96,user-77,Anggota,Transportasi,Declined,2025-09-24T20:36:17.547446,2026-01-08T23:27:49.315213
900db7cc-f4af-4ea9-aa3c-792a0f99cc0c,event-15,user-57,Staff,Acara,Pending,2026-02-07T10:03:33.997092,2026-03-20T05:47:40.321985
f91bfb60-3ece-47f6-aa79-1fa44cb672c3,event-79,user-85,Anggota,Humas,Accepted,2026-06-17T01:28:42.262553,2026-01-27T12:51:22.361945
4ba2ab30-38b0-42f6-8001-5d2fbd96fb5d,event-113,user-76,Koordinator,Keamanan,Pending,2026-08-09T02:17:29.922862,2026-01-27T06:05:59.390097
b543f6b6-0604-47a7-8666-85491532da75,event-122,user-69,Sekretaris,Transportasi,Accepted,2025-08-29T17:05:51.781294,2026-08-02T21:50:47.889132
35c8380a-d9b2-4241-9411-aca2c8273347,event-116,user-30,Anggota,Acara,Accepted,2025-10-01T12:27:57.947602,2025-10-31T01:53:38.508185
10efbc21-584a-4629-a1f2-1fda3574127f,event-74,user-68,Bendahara,Keamanan,Declined,2025-10-08T14:00:23.807865,2025-12-20T21:48:22.077586
48d091fd-08f7-449d-b8d0-92800815a0f1,event-120,user-55,Staff,Acara,Accepted,2026-05-23T06:09:40.720727,2025-11-21T18:56:13.459477
be5e3396-b441-4374-949b-55dd9f42145d,event-142,user-66,Wakil Ketua,Keamanan,Declined,2025-12-24T16:59:53.929787,2026-01-10T10:19:44.764191
5753ab93-d625-4fd7-976c-f8abfa7119df,event-10,user-37,Koordinator,Keamanan,Declined,2026-03-16T05:20:51.973009,2026-05-23T08:48:43.863643
b1574201-3a96-40dd-b936-02c1bcd15ed1,event-108,user-76,Sekretaris,Humas,Accepted,2025-11-07T20:36:46.561174,2025-12-03T23:56:29.189239
ed68685d-304b-4162-a69d-b19d23dedc56,event-38,user-87,Koordinator,Humas,Declined,2025-11-01T02:29:25.429631,2026-02-06T08:01:04.429335
92ffb49e-705a-4a98-a5c7-5ff650a7f3c5,event-47,user-52,Bendahara,Acara,Declined,2025-12-08T14:51:42.735473,2026-05-02T18:08:41.779317
e8d0362d-dd90-4e5c-8205-b5760bdde03e,event-117,user-23,Ketua,Konsumsi,Pending,2026-04-22T18:54:27.487356,2026-05-14T23:03:31.430154
a95f595e-52cc-48ee-bb6f-83a3ffddd4cd,event-65,user-51,Koordinator,Humas,Declined,2025-09-30T13:47:47.978335,2025-09-14T20:48:43.352229
61e0ec68-a55b-40b7-b7b7-d59974c9105c,event-40,user-86,Wakil Ketua,Dokumentasi,Declined,2025-09-13T04:20:13.658442,2026-03-09T16:02:08.580808
b7983a00-20f6-46c3-8e65-485febf341d0,event-91,user-25,Koordinator,Perlengkapan,Accepted,2025-10-18T09:16:19.562729,2026-07-17T04:40:48.926062
8ea4ada7-1564-4ac3-bd17-70ed2003396e,event-130,user-33,Sekretaris,Keamanan,Declined,2026-06-11T17:49:53.095023,2025-12-10T15:33:20.576751
6dca2f7f-d25e-4661-ade6-020d717c5044,event-128,user-53,Wakil Ketua,Transportasi,Declined,2025-11-16T21:20:31.930156,2025-10-06T20:50:28.995758
e61ac70a-90d1-4b44-8f10-a7cd249fc47e,event-49,user-61,Anggota,Transportasi,Pending,2026-06-14T07:31:23.542871,2025-12-07T20:03:54.115825
07f44289-dfd7-4b0d-a3c2-d4f07255dd3f,event-119,user-98,Bendahara,Konsumsi,Pending,2025-11-06T23:25:05.827506,2026-06-14T10:52:04.274999
9c8c88a9-8964-4caf-af6a-d0256a9dedf0,event-44,user-28,Wakil Ketua,Dokumentasi,Accepted,2026-05-16T07:52:32.018051,2026-06-22T02:17:09.767026
39f5ee71-ab55-4786-accf-ad74c458b35d,event-25,user-78,Bendahara,Konsumsi,Declined,2026-06-03T05:06:44.392647,2026-02-18T02:56:00.609398
73cf260d-ee8e-42d1-b799-cd6d422d5b0e,event-44,user-71,Wakil Ketua,Konsumsi,Accepted,2025-09-23T20:21:48.116779,2025-11-29T02:31:44.716431
4bae6121-bbca-454e-9b99-d6c464aea7fd,event-70,user-99,Sekretaris,Transportasi,Accepted,2026-01-16T23:55:30.807612,2026-06-06T00:00:46.694000
9c9e1a58-c6b4-4aa6-9c4b-b03d18cc9ea1,event-65,user-93,Staff,Konsumsi,Pending,2025-09-14T19:31:26.686311,2026-06-26T12:51:48.630788
bdd75c2b-9adf-4f8c-872f-b735a3306392,event-136,user-24,Bendahara,Keamanan,Declined,2026-04-08T02:25:59.394950,2025-11-10T01:46:26.301040
59b3d9c4-5c05-420d-ae98-bfeb8cd9b1ba,event-139,user-91,Wakil Ketua,Humas,Pending,2026-06-30T01:18:00.068061,2026-03-26T02:32:10.332196
cb03f78b-dfe7-4da9-9ee8-4ecab9419b31,event-121,user-39,Koordinator,Perlengkapan,Declined,2025-09-04T07:18:36.664974,2026-03-09T19:03:28.619165
9b938b85-3543-4cbe-b6f9-6f7eb2825ceb,event-16,user-85,Sekretaris,Transportasi,Accepted,2026-05-22T18:24:42.839679,2025-11-05T05:52:44.190845
f958239b-a997-4914-9a7e-b53fd3ed4df3,event-98,user-81,Anggota,Acara,Accepted,2026-05-06T17:47:13.394580,2026-04-07T01:10:16.096819
2ed76c63-9e31-43be-8825-380adaf715b4,event-125,user-63,Sekretaris,Perlengkapan,Declined,2025-10-11T08:54:33.541067,2026-07-20T17:14:47.400074
abd899d5-1641-4fa5-bf5d-eb0ef8edd9e5,event-71,user-84,Wakil Ketua,Transportasi,Pending,2025-12-15T20:54:16.721902,2026-02-24T10:25:09.698216
afdb7ff9-8144-4fde-8e8c-40f6a0d05efa,event-49,user-87,Staff,Perlengkapan,Pending,2026-07-09T04:23:51.657411,2025-10-04T18:48:32.767432
aae450b1-1728-4563-bafd-5096bfccee6d,event-81,user-98,Ketua,Humas,Declined,2026-01-05T13:07:00.264224,2026-06-14T00:42:33.448009
da7b742e-0d17-49dd-a5ea-140201bf2bad,event-126,user-100,Anggota,Perlengkapan,Declined,2025-09-18T22:52:40.711823,2026-06-30T04:40:19.414786
18a462ab-e3d5-4bd7-af2a-2ca4bcabf1ba,event-79,user-58,Ketua,Acara,Declined,2026-07-18T02:29:43.873303,2026-03-17T11:56:06.164365
8e4ae576-7812-4d0d-bdfa-369ee464b69d,event-111,user-58,Bendahara,Perlengkapan,Accepted,2026-08-05T09:11:00.893641,2026-03-17T18:57:42.310431
8ed50281-925c-490e-a131-f9186d83d48e,event-121,user-50,Wakil Ketua,Konsumsi,Pending,2025-11-18T14:21:44.525787,2026-08-01T08:28:53.517593
a9d3f2e6-082f-46a5-adc2-d5bd9b67a640,event-97,user-80,Bendahara,Transportasi,Pending,2026-03-27T09:55:58.116145,2026-01-31T18:34:34.006299
c3509165-c8d9-414e-b31b-79e40bf1eff2,event-131,user-97,Bendahara,Transportasi,Declined,2025-09-15T17:16:17.370863,2026-04-24T17:58:11.510905
4e59d273-315b-432f-a060-88a07aa3c709,event-97,user-42,Sekretaris,Acara,Pending,2026-01-07T04:25:30.869382,2026-04-08T08:12:04.530880
a126dd39-fddc-4ac6-b605-002bd6c73334,event-25,user-84,Staff,Keamanan,Declined,2025-10-16T10:32:39.812396,2025-10-07T21:22:22.840678
