id,eventId,mahasiswaId,division,startDate,endDate
ede1556c-5f0f-4cbb-a882-c8e46639d8e8,event-57,user-53,Perlengkapan,2027-01-27T12:57:21.579037,2027-02-02T15:40:36.357666
8a2de3d0-99f4-4da1-b196-a15b0c222012,event-123,user-79,Dokumentasi,2027-06-26T13:44:32.030373,2027-06-29T00:17:57.209089
0a6394b6-7947-4b90-b180-8f8a118b5da7,event-20,user-86,Konsumsi,2027-04-26T10:07:33.487084,2027-04-27T00:50:54.178754
d65b3f0b-4b27-4634-988b-251f611a5217,event-127,user-29,Keamanan,2027-05-21T12:57:01.948893,2027-05-30T07:04:43.473958
45c22cd5-ce27-4e5e-b93c-a9785d16bccf,event-25,user-44,Dokumentasi,2026-09-09T13:25:18.136912,2026-09-10T20:39:07.297433
6dab2c41-a4ea-493e-8826-658514f11885,event-46,user-39,Acara,2027-03-23T20:12:29.020296,2027-03-25T08:05:02.131236
2b0f5ea1-4eb7-4365-958f-c26c96f27753,event-95,user-52,Keamanan,2027-06-12T14:13:01.835558,2027-06-17T06:10:08.706273
ff51464c-8342-47d9-b725-5a30c817f552,event-57,user-86,Transportasi,2027-01-25T17:28:14.293036,2027-02-12T02:46:40.642639
812fbf1c-5719-433d-a069-bc7c29844500,event-62,user-100,Humas,2027-03-17T11:58:57.619762,2027-03-20T19:40:09.653479
53400e10-a96a-4366-82df-3ff426ac1570,event-142,user-97,Keamanan,2027-02-19T14:55:35.079443,2027-02-23T05:42:56.038654
0383edd2-4baa-45d6-a5c2-d824af0a4bac,event-122,user-82,Konsumsi,2027-06-06T20:41:44.405851,2027-06-10T17:44:14.544628
8a0c00ab-9d7b-43f2-a2e5-5c7b1a521f0b,event-115,user-63,Transportasi,2027-02-06T20:23:03.282855,2027-02-09T16:08:46.482539
96ceb72a-3f34-4c96-844a-765ceeb760b6,event-55,user-83,Perlengkapan,2026-10-29T01:20:42.847478,2026-11-18T19:45:12.751539
8013b230-82f8-4abe-908e-73b527793a98,event-26,user-50,Konsumsi,2027-06-24T00:00:16.329024,2027-07-02T15:06:21.131109
214440a8-d544-47bc-ad04-6a7e9c0b35d7,event-104,user-32,Dokumentasi,2027-01-30T14:30:58.079587,2027-02-07T02:47:38.210200
b9529c78-320e-428b-bcfd-d6eb15eb460c,event-45,user-71,Transportasi,2027-05-10T15:12:11.658717,2027-05-27T00:46:54.777009
1d4e5e99-fcbf-4a35-9d09-5b7ed9ec38ba,event-14,user-66,Keamanan,2027-06-01T20:04:58.050339,2027-06-04T10:48:01.904875
8aa073fd-4111-4738-86d9-ea9af6d9b983,event-79,user-99,Acara,2027-05-28T08:52:03.895048,2027-06-03T00:36:13.146921
04440740-297f-4149-ae99-dcc0cec37beb,event-118,user-85,Dokumentasi,2026-10-26T01:14:18.413370,2026-11-01T22:59:39.337402
5789bf9d-ca7b-4691-8808-e8d18d47ea25,event-106,user-69,Perlengkapan,2026-10-06T19:03:39.154099,2026-10-06T23:45:48.592605
5e7adfe4-6bf5-4ecb-833d-a43a7c2d695f,event-45,user-37,Transportasi,2027-05-10T08:40:30.101904,2027-06-04T01:08:48.475965
45a110b3-a431-470c-83bf-22acbb37d795,event-49,user-84,Humas,2026-10-28T10:27:49.963594,2026-11-04T19:48:24.829317
1c65150a-d33c-4ded-9097-f638ec90e1f2,event-140,user-94,Perlengkapan,2027-02-16T19:13:10.856827,2027-02-19T04:33:04.477490
9737d11f-0261-44ce-b933-5e9e3ce27cd8,event-115,user-77,Konsumsi,2027-02-06T05:16:07.460687,2027-02-28T09:33:00.390154
1335c0f0-3480-4e43-9abe-e77d33c55723,event-40,user-57,Dokumentasi,2026-09-15T00:41:11.222125,2026-10-06T10:04:07.788387
c673d879-ad3e-4201-9dc3-d39e0cc3b7cd,event-114,user-81,Dokumentasi,2027-05-28T01:53:38.795282,2027-05-29T21:56:33.059964
b20bfc0e-8ae1-427f-a662-648d9500b4eb,event-107,user-95,Konsumsi,2027-06-14T07:35:01.612423,2027-06-29T16:48:09.348269
da853025-f9e2-426e-afa6-0fed856b9345,event-12,user-94,Humas,2027-04-11T13:23:53.990689,2027-04-17T20:31:57.758747
8ce69a6d-2aaf-47b5-bc5a-ad4df6cd95be,event-135,user-27,Perlengkapan,2027-01-03T20:32:47.303706,2027-01-05T08:42:38.854036
4bbee5d4-0348-406c-8ec1-54aa1baffa54,event-90,user-27,Perlengkapan,2026-12-12T19:34:28.584065,2027-01-01T12:45:39.594917
8284f97d-830e-44eb-89fb-92d9e98f0cf0,event-51,user-23,Keamanan,2027-03-23T18:49:34.628255,2027-03-28T11:16:56.511442
b5a863e5-1421-4dd5-ac79-4b06d4bbc59f,event-95,user-49,Dokumentasi,2027-06-12T12:52:36.431500,2027-06-15T06:01:57.842237
b843cc40-0325-452a-8c4b-8d5226e1766f,event-140,user-49,Acara,2027-02-16T12:40:08.988151,2027-03-13T21:34:21.273647
dbb72329-fa7f-4096-b174-2f1d6566b3e3,event-92,user-100,Humas,2026-08-15T02:21:50.173041,2026-09-02T10:53:21.718070
2d341fee-728b-4807-9410-59165a73f89d,event-62,user-59,Keamanan,2027-03-15T06:32:19.478257,2027-03-16T05:57:38.672550
bb089181-872a-4373-b776-0433de806c9e,event-64,user-86,Perlengkapan,2026-08-14T09:09:19.902055,2026-08-18T06:09:28.095356
aed5094f-5973-4061-ac50-386d603bda4d,event-84,user-46,Perlengkapan,2027-02-09T02:36:23.161349,2027-02-26T11:33:26.084551
34f7f283-a77d-48ee-95c6-e5d4221cb731,event-2,user-96,Transportasi,2027-03-17T13:36:42.141211,2027-03-20T07:13:29.869355
466ddf76-fff7-4788-aadf-1bec15dc5b0a,event-95,user-49,Dokumentasi,2027-06-12T23:56:28.410045,2027-06-13T18:09:11.081560
593da4f2-a8d9-47d4-b1fe-06fcce93fd6e,event-150,user-48,Humas,2026-08-03T04:10:45.874990,2026-08-04T21:15:28.029654
