id,org_id,name,description,image,background_image,start_date,end_date,status,oprec_link,location,participant_limit,participant_count,is_highlighted,is_organogram,created_at,updated_at
event-1,lembaga-9,Seminar Cyber Security 1980,"Molestiae dolorum aliquam corporis. Quae sit expedita reiciendis maxime reprehenderit eius.
Est nam neque aspernatur nulla. Non aliquam harum aspernatur odit.
Impedit aperiam debitis. Quod at placeat saepe hic illo.
Odio libero magnam. Neque perferendis dolorum quis ipsum.",https://picsum.photos/800/600,https://placekittens.com/1200/800,2027-03-15T04:59:20.009221,2027-03-15T15:57:47.027595,Ended,http://wilcox.com/,Gedung B,424,76,True,True,2027-01-19T18:48:23.444451,2027-02-13T04:59:20.585599
event-2,lembaga-12,Conference Cyber Security 2009,"Rem reiciendis officiis voluptatum. Non praesentium magni nostrum temporibus laborum. Ad commodi suscipit amet ipsa.
Similique dolor ex sed inventore. Consequuntur quae laborum. Incidunt fugit est dicta.",https://picsum.photos/800/600,https://dummyimage.com/1200x800,2027-03-17T13:13:58.873817,2027-03-17T13:58:59.627851,Ended,http://www.fuentes.com/,Pariaman,298,17,False,False,2027-03-06T12:08:05.323788,2027-02-15T13:13:58.545516
event-3,lembaga-9,Hackathon Mobile 1984,"A minima nam. Nobis alias praesentium.
Provident optio rem eius. Consequatur dolor cupiditate optio occaecati deserunt. Doloremque necessitatibus explicabo odit distinctio neque.",https://placekittens.com/800/600,https://dummyimage.com/1200x800,2027-05-07T20:12:08.918478,2027-05-10T23:03:38.047152,Coming Soon,,Gedung B,473,63,False,True,2027-04-06T12:54:00.625150,2027-04-07T20:12:08.752979
event-4,lembaga-7,Conference Blockchain 1972,"Back long thus glass a soon clear dog.
Argue suffer number police beautiful sometimes collection able. Break dog should which sing join court.
Forget respond still bring. List catch sing indicate. Price grow moment.",https://dummyimage.com/800x600,https://picsum.photos/1200/800,2026-11-05T17:30:41.185062,2026-11-06T09:58:58.509032,Coming Soon,https://ud.net.id/,Online (Zoom),195,43,False,False,2026-10-30T14:01:05.441391,2026-10-06T17:30:41.435913
event-5,lembaga-7,Competition Cyber Security 1995,"Expedita sed veniam minus tempore. Impedit ipsam beatae accusantium nesciunt quia. Aliquid vero distinctio placeat.
Eligendi pariatur quod fugiat architecto repudiandae voluptatibus. Repudiandae architecto cupiditate quas.",https://dummyimage.com/800x600,https://picsum.photos/1200/800,2026-07-16T17:07:20.603706,2026-07-17T08:40:39.895062,Ended,,Gedung A,141,85,True,True,2026-06-24T14:04:14.192059,2026-07-11T13:25:01.429687
event-6,lembaga-10,Workshop Mobile 2012,"Quality few forget first investment. Forget follow reach student. Collection paper half fish college writer could.
Water employee together network.
World beat lawyer worry mention hour rock. Street difference get section. Better population response mission record attention toward.",https://dummyimage.com/800x600,https://dummyimage.com/1200x800,2026-09-24T23:39:31.123636,2026-09-25T10:30:34.813160,Ended,http://www.jones.com/,Lapangan Kampus,307,15,False,True,2026-08-04T16:16:35.039776,2026-08-25T23:39:31.020591
event-7,lembaga-1,Seminar Mobile 2025,"Culture become practice strong. Them building degree customer respond next reduce eight. Owner play of education industry recognize later authority.
Language early weight can spend. Catch million wish likely be. Political follow voice degree reflect feeling. Leg fall hold build trial.",https://dummyimage.com/800x600,https://picsum.photos/1200/800,2027-02-23T12:39:23.111950,2027-02-25T07:05:36.254601,On going,https://mullins-castillo.biz/,Lab Komputer,256,1,False,False,2027-02-08T23:27:21.799540,2027-01-24T12:39:23.111282
event-8,lembaga-9,Bootcamp Data Science 2023,"Expect care across executive economy candidate. Ready born inside.
Fight couple simple among. Several cost run my baby oil local.
Within decision poor consumer expect seem design. Early more western process include ago stock. Little spend value computer interest.",https://picsum.photos/800/600,https://picsum.photos/1200/800,2026-09-27T08:21:36.464033,2026-09-27T23:12:58.601591,Ended,,Gedung B,403,87,True,False,2026-08-22T17:06:00.502625,2026-08-28T08:21:36.380071
event-9,lembaga-19,Conference Blockchain 1976,"Incidunt quae assumenda eligendi. Porro qui nesciunt labore neque iure mollitia iste. Modi rem perferendis ipsum aliquam. Eos amet dicta ab soluta.
Ullam id nihil commodi ea animi. Quis quae tenetur quia vero.
Deserunt quis in accusamus dignissimos odit. Veniam asperiores consectetur et cupiditate.",https://dummyimage.com/800x600,https://placekittens.com/1200/800,2027-06-03T08:02:03.403669,2027-06-05T20:08:16.591215,Coming Soon,,Lab Komputer,323,0,False,True,2027-05-02T02:20:33.378453,2027-05-04T08:02:03.250190
event-10,lembaga-9,Hackathon Cyber Security 2004,"Drive son anyone study produce budget I. Pattern TV responsibility side mean partner air best. Bed without road. Sure reach peace coach.
Idea star need put realize great challenge exist. Begin its nice rich. Kitchen sell many bring century by. Administration different wrong suddenly me.",https://picsum.photos/800/600,https://dummyimage.com/1200x800,2026-08-15T02:34:15.720756,2026-08-18T09:22:21.713486,Ended,,Lapangan Kampus,115,52,False,False,2026-08-01T14:26:11.751651,2026-07-26T06:04:32.497584
event-11,lembaga-8,Seminar AI 2005,"Accusantium placeat hic illo corrupti deserunt nam. Odio nam quasi mollitia ea enim.
Quibusdam aperiam consequuntur ducimus.
Iure temporibus tempore molestias. Error asperiores odit.",https://picsum.photos/800/600,https://picsum.photos/1200/800,2027-03-02T17:13:48.963733,2027-03-04T02:19:26.222646,On going,,Lab Komputer,241,63,False,False,2027-01-26T17:56:07.499332,2027-01-31T17:13:48.641406
event-12,lembaga-2,Exhibition Data Science 2008,"Marriage consider whom recognize possible. Action both material give or. Mr serious view simply.
Community remain picture thank rise find particularly partner. Message laugh price member knowledge could college.",https://placekittens.com/800/600,https://dummyimage.com/1200x800,2027-04-11T10:16:13.116369,2027-04-13T00:33:40.699708,Coming Soon,,Lab Komputer,128,62,False,True,2027-03-03T22:02:38.520368,2027-03-12T10:16:13.324971
event-13,lembaga-2,Conference Data Science 2006,"Quo unde praesentium et nam quaerat aperiam. Dolor incidunt accusantium blanditiis.
Nulla dignissimos ullam nemo. Laudantium nihil perferendis. Pariatur blanditiis optio vel cumque eum id dolor.
Molestias sit molestias voluptatem neque alias.",https://picsum.photos/800/600,https://dummyimage.com/1200x800,2027-03-09T02:01:23.434137,2027-03-09T03:23:43.925879,Ended,,Gedung A,64,31,False,True,2027-02-22T19:06:26.424709,2027-02-07T02:01:23.412654
event-14,lembaga-3,TechFest Web Dev 1998,"Illum vitae hic quaerat. Consequatur quam eum soluta possimus voluptatem atque.
Sunt repudiandae debitis unde molestiae aliquid. Facilis perspiciatis atque quis excepturi a.",https://dummyimage.com/800x600,https://placekittens.com/1200/800,2027-06-01T10:18:17.300228,2027-06-03T19:02:53.694279,On going,https://pd.org/,Gedung B,138,46,False,True,2027-05-19T17:19:38.317412,2027-05-02T10:18:17.821047
event-15,lembaga-3,Workshop IoT 2000,"Country prepare class laugh. Military to people line for appear.
While law almost else bit. Never staff page art.
Only notice hair for offer foot although. Design case deal. Still politics put local husband.",https://placekittens.com/800/600,https://dummyimage.com/1200x800,2026-12-15T01:33:31.256073,2026-12-16T20:16:40.205326,Ended,https://www.cv.mil.id/,Lab Komputer,60,55,False,True,2026-12-12T04:17:49.345406,2026-11-15T01:33:31.799207
event-16,lembaga-8,Exhibition Web Dev 1976,"Quasi eius tenetur dolor laudantium consequatur. A perferendis deleniti libero esse dolorem quidem. Soluta nisi nobis laborum error.
Inventore sunt recusandae beatae nemo adipisci. Voluptatibus delectus aperiam dolores eaque quos possimus.",https://dummyimage.com/800x600,https://picsum.photos/1200/800,2026-10-12T11:51:53.353343,2026-10-13T03:41:54.337986,On going,,Aula Utama,178,2,False,True,2026-08-28T05:39:45.896027,2026-09-12T11:51:53.124418
event-17,lembaga-4,Workshop Cyber Security 1984,"Paper tax player. Account fast specific. Work during cold avoid be.
Herself actually road increase at. Everybody raise way notice economic nation. Visit Mr appear reality set yet wait.
Hair option may agent two.",https://dummyimage.com/800x600,https://placekittens.com/1200/800,2027-02-25T05:06:50.839132,2027-02-26T23:01:13.318835,Coming Soon,http://manning.com/,Online (Zoom),255,12,False,True,2027-01-01T21:29:12.971730,2027-01-26T05:06:50.420348
event-18,lembaga-18,Bootcamp AI 2008,"Church describe teacher performance. Reduce alone raise history.
Defense edge quite might oil stop computer.
Southern available rock run student even. Research detail ground decide more task.
Human employee behavior really. Add determine bag them industry fall.",https://picsum.photos/800/600,https://picsum.photos/1200/800,2026-09-24T18:59:10.358339,2026-09-30T14:59:28.082857,Coming Soon,,Gedung A,441,63,False,False,2026-08-10T00:31:00.233381,2026-08-25T18:59:10.050185
event-19,lembaga-11,Workshop Web Dev 2001,"Praesentium modi veniam occaecati iusto commodi placeat. Incidunt eaque molestias ducimus. Exercitationem aut voluptatum.
Perferendis consequatur aliquid tempora. Accusamus incidunt earum saepe ratione doloribus a ea.",https://placekittens.com/800/600,https://placekittens.com/1200/800,2027-04-13T23:04:37.839424,2027-04-15T01:09:51.798494,Coming Soon,https://www.perum.com/,Aula Utama,124,77,False,True,2027-03-23T23:46:28.794781,2027-03-14T23:04:37.657861
event-20,lembaga-11,Hackathon IoT 1989,"Temporibus fuga porro neque ipsa. Ab esse vero sit. Voluptas suscipit officia vitae corporis itaque.
Nesciunt dicta sit magni officia ab voluptates. Minus nesciunt quis. Labore vel repellendus accusamus.",https://placekittens.com/800/600,https://placekittens.com/1200/800,2027-04-25T15:04:56.934923,2027-05-01T05:14:10.705680,On going,http://gonzalez.net/,Online (Zoom),435,77,False,False,2027-04-03T20:48:45.105623,2027-03-26T15:04:56.317248
event-21,lembaga-1,Conference Cyber Security 1974,"Scene commercial actually anyone. He once relationship.
Add sure present trouble. Serious peace put perform.
Easy rise various city could finish. Trip perhaps newspaper among how past message.",https://placekittens.com/800/600,https://picsum.photos/1200/800,2027-01-30T00:36:22.633800,2027-02-01T05:41:23.598480,Coming Soon,https://lawrence.org/,Ruang Seminar,433,60,True,False,2026-12-05T21:57:17.943681,2026-12-31T00:36:22.919710
event-22,lembaga-7,Exhibition Cyber Security 1991,"Consequatur quia atque officia.
Alias debitis nemo ad alias dicta quibusdam. Itaque eos reiciendis voluptatibus hic rem. Animi optio veniam voluptates id animi.
Consectetur tempore dolor dolor porro. Odio voluptatem atque fugiat. Laudantium aut at sed consequuntur saepe esse.",https://placekittens.com/800/600,https://picsum.photos/1200/800,2027-05-12T20:48:45.479433,2027-05-15T20:30:17.720783,Ended,http://www.robertson.com/,Lapangan Kampus,493,41,False,False,2027-04-14T02:02:55.898761,2027-04-12T20:48:45.568006
event-23,lembaga-13,Workshop Data Science 2019,"Old begin fly down short. Physical join take image certainly.
Three step join low point movement. Quickly suggest party ask bad. She town value over part.
Child everybody region show again. Own out large three since certain. Return attorney story share nice most. Foreign such chair thank over.",https://placekittens.com/800/600,https://picsum.photos/1200/800,2026-10-05T13:27:11.356109,2026-10-09T21:56:51.867122,Ended,,Gedung B,367,56,False,False,2026-08-09T11:05:02.143953,2026-09-05T13:27:11.178016
event-24,lembaga-20,TechFest Cyber Security 2000,"Itaque labore illo voluptas velit sed nemo. Impedit inventore placeat voluptates.
Aut dicta nobis at optio. Ipsam quae iusto tempora nam. Quia corporis similique provident alias.
Saepe libero hic nisi ut deserunt. Quaerat consequatur adipisci corrupti sunt error.",https://dummyimage.com/800x600,https://picsum.photos/1200/800,2026-12-13T07:32:03.366714,2026-12-14T22:52:30.533421,Coming Soon,,Gedung A,252,35,False,False,2026-11-29T11:15:26.347153,2026-11-13T07:32:03.141313
event-25,lembaga-19,TechFest Data Science 2021,"Autem necessitatibus dolores voluptas quas nihil. Animi doloremque cupiditate labore consectetur. Quos ipsum iure.
Reiciendis autem modi minima fugiat ut. Laboriosam aliquam aspernatur impedit provident repellat id.
Adipisci earum nihil laborum eaque nostrum cumque quis.",https://picsum.photos/800/600,https://picsum.photos/1200/800,2026-09-09T11:48:32.366945,2026-09-11T18:44:01.505608,On going,https://pd.biz.id/,Ruang Seminar,363,58,True,False,2026-07-23T16:28:02.906896,2026-08-10T11:48:32.488603
event-26,lembaga-6,Hackathon Mobile 1979,"Aliquam laboriosam laborum rem odio quia. Itaque vero nisi repellat.
Quos eaque neque magni perferendis. Nostrum culpa tenetur quos tempore. Saepe autem saepe debitis omnis aperiam eligendi nemo.
Culpa eos id qui. Deleniti magni voluptate ex nihil in ad.",https://dummyimage.com/800x600,https://placekittens.com/1200/800,2027-06-23T20:54:06.121357,2027-06-24T05:10:48.427028,Ended,,Ruang Seminar,297,97,False,False,2027-06-03T08:50:57.830178,2027-05-24T20:54:06.906316
event-27,lembaga-10,Seminar Blockchain 2008,"Decade alone responsibility change. Institution vote probably focus challenge. Student ground month.
School more oil once. Nation on north else.
Focus data involve offer two off. Continue various her individual.
Shake past weight notice. Politics support after under scientist people parent study.",https://placekittens.com/800/600,https://picsum.photos/1200/800,2027-01-14T03:11:29.798676,2027-01-15T07:05:36.678854,On going,,Gedung B,331,89,False,True,2026-12-25T23:09:21.598998,2026-12-15T03:11:29.642118
event-28,lembaga-11,Seminar Web Dev 1970,"Accusamus accusamus voluptas eos quibusdam odio.
Animi ullam sequi iste quidem veniam. Assumenda nemo hic amet nihil. At pariatur alias doloribus.
Voluptate itaque quaerat nam assumenda sed. Laudantium ea tempora veniam nostrum.",https://picsum.photos/800/600,https://picsum.photos/1200/800,2027-04-02T17:45:43.167857,2027-04-05T14:13:12.479216,Coming Soon,,Gedung B,461,63,False,False,2027-03-28T11:20:00.384693,2027-03-03T17:45:43.897894
event-29,lembaga-4,TechFest Cloud Computing 1981,"Maintain attention week part. And upon many game.
Couple prove loss change carry consider assume writer. Often light personal trial player.
Like man suddenly attorney boy. Enjoy true whose wind other right.
Forward nearly value something service that material. Material office out star baby give.",https://dummyimage.com/800x600,https://picsum.photos/1200/800,2026-12-05T15:18:42.410674,2026-12-09T20:21:40.362389,Ended,https://www.pd.net/,Lapangan Kampus,134,47,False,False,2026-11-24T14:06:28.049729,2026-11-05T15:18:42.319315
event-30,lembaga-3,Competition Cloud Computing 2003,"War list behavior brother sure everybody enjoy game. Up security threat. Many authority teach give central travel building.
Scientist down ever he. Travel black training.
Make loss five field green. Rich technology chance development either.",https://dummyimage.com/800x600,https://picsum.photos/1200/800,2027-08-02T07:29:58.261021,2027-08-04T07:27:26.618267,Ended,,Ruang Seminar,356,43,False,False,2027-07-30T03:27:05.666841,2027-07-03T07:29:58.655719
event-31,lembaga-10,Exhibition Cloud Computing 1995,"Eat tonight indicate use. Investment staff treatment lawyer. Face himself outside under simple continue.
Trade store radio kid bar present food. Note star himself. Mean live western day.
Politics along cup hand interview wife mission. Build draw PM admit. Much increase should lead true war.",https://placekittens.com/800/600,https://picsum.photos/1200/800,2026-12-05T08:31:30.362138,2026-12-06T06:49:42.717039,Coming Soon,http://cv.int/,Lapangan Kampus,430,77,False,True,2026-11-07T01:06:37.822042,2026-11-05T08:31:30.855477
event-32,lembaga-13,TechFest Cloud Computing 1974,"Edge local moment radio language task. Cut rest while. Civil require right bring.
Seat authority drive expert song summer. Daughter much food. Shake tonight rule room ability.
Purpose term also team send. Ten build author minute bill. Clearly hope travel.",https://picsum.photos/800/600,https://picsum.photos/1200/800,2027-02-19T07:50:17.373171,2027-02-21T05:38:03.550322,Ended,https://cv.co.id/,Gedung A,176,67,False,False,2027-02-15T12:53:21.219819,2027-01-20T07:50:17.860313
event-33,lembaga-12,Bootcamp IoT 2021,"Veritatis maiores quisquam a atque quae. Aut aspernatur aliquid architecto ipsum nostrum. Minus dolores quas iste rerum eum architecto.
Sequi aperiam amet autem assumenda possimus a ratione. Voluptatibus officiis nesciunt voluptas cum impedit modi minus.",https://placekittens.com/800/600,https://dummyimage.com/1200x800,2027-07-01T17:49:57.772388,2027-07-02T05:23:56.726401,Ended,,Lapangan Kampus,245,39,False,False,2027-06-21T00:22:49.239098,2027-06-01T17:49:57.307314
event-34,lembaga-3,Seminar Data Science 1984,"Eos hic magni quisquam in. Ipsam praesentium illum mollitia. Libero magni illo illo tempore.
Eos iure laudantium atque hic fugit. Amet nostrum repudiandae nisi.
Voluptatem iusto enim ea ipsam ratione excepturi. Molestiae id est omnis quasi non natus. Modi alias libero.",https://placekittens.com/800/600,https://picsum.photos/1200/800,2026-11-25T15:44:01.046374,2026-11-27T03:34:35.274469,Ended,https://wilson-hill.org/,Banda Aceh,460,62,False,True,2026-10-27T12:31:42.932585,2026-10-26T15:44:01.972399
event-35,lembaga-8,Workshop AI 2013,"Crime probably throw cut. Economic beautiful population place.
Community artist consumer likely. Plant into event.
Fund here upon add town. Yourself across rich finish. According deal worry hundred personal trip resource treat.",https://dummyimage.com/800x600,https://picsum.photos/1200/800,2026-11-06T09:41:17.910833,2026-11-08T10:35:46.897899,On going,,Gedung A,307,41,False,False,2026-10-12T13:44:22.938622,2026-10-07T09:41:17.397605
event-36,lembaga-11,Competition Cyber Security 1979,"Unde voluptate amet aperiam laborum enim. Voluptas nam quae reiciendis tempore deserunt.
Reiciendis eaque delectus aliquid magnam maxime deserunt. Consectetur error cupiditate facere temporibus tenetur.
Esse ad odio non quasi iure culpa. Voluptatum quidem eius id debitis.",https://placekittens.com/800/600,https://picsum.photos/1200/800,2026-09-15T04:32:35.743317,2026-09-17T19:32:21.890035,Ended,http://www.bradshaw-morales.com/,Gedung B,331,69,False,False,2026-07-18T06:25:12.462863,2026-08-16T04:32:35.702137
event-37,lembaga-14,Workshop Cyber Security 1979,"Fund seven accept scene action glass. Election represent decide difficult. Contain book design oil modern walk.
Themselves suffer teacher any process apply view. Choose seven education challenge.",https://placekittens.com/800/600,https://picsum.photos/1200/800,2027-02-02T23:57:26.277758,2027-02-05T17:27:37.647691,Coming Soon,http://allen-craig.net/,Lab Komputer,253,4,True,False,2026-12-16T22:29:16.290869,2027-01-03T23:57:26.051928
event-38,lembaga-18,Seminar Cloud Computing 2025,"Together increase politics have art analysis appear. South their pay whose section begin floor. Into pick special down plan care serious.
Million huge wait first majority travel.
Piece worry represent those wide. Note successful since adult make including. In value build effort amount whether food.",https://picsum.photos/800/600,https://dummyimage.com/1200x800,2026-12-29T22:44:40.077558,2026-12-30T00:32:39.501801,Coming Soon,http://www.cox-decker.com/,Gedung B,345,57,False,True,2026-11-30T23:28:09.961393,2026-11-29T22:44:40.780885
event-39,lembaga-14,Workshop Web Dev 1977,"Doloribus nulla magnam reiciendis quae harum veritatis occaecati.
Possimus excepturi cumque quidem eius. Animi enim quisquam consequuntur doloribus. Minima reiciendis sequi magnam consectetur.
Atque molestias eligendi ab corporis laudantium aperiam. Ut corrupti architecto.",https://placekittens.com/800/600,https://dummyimage.com/1200x800,2026-12-04T06:47:07.141018,2026-12-10T00:34:07.184161,Ended,,Gedung A,70,51,False,True,2026-11-08T19:42:06.017117,2026-11-04T06:47:07.793288
event-40,lembaga-3,Competition IoT 2013,"Again attention boy color room once far place. Once small meeting here identify. State standard music so.
Audience alone get matter wind south. Such keep management war heart idea bit. Throw himself share show site general among. Partner service American statement adult.",https://picsum.photos/800/600,https://picsum.photos/1200/800,2026-09-14T13:33:17.033683,2026-09-15T22:58:38.165320,On going,https://www.rowland.biz/,Lapangan Kampus,438,80,True,True,2026-09-12T11:02:02.491644,2026-08-15T13:33:17.091268
event-41,lembaga-11,Workshop Data Science 1973,"Say resource media structure. It grow happen check. Fill above seek know glass.
Strategy spring give rise together physical. Music really matter resource claim customer. Cold investment success who six.
Magazine small enter better three land. Onto house operation development.",https://placekittens.com/800/600,https://dummyimage.com/1200x800,2026-10-14T14:32:48.139550,2026-10-14T19:43:12.706425,Coming Soon,https://www.bailey.com/,Ericaborough,61,79,False,False,2026-08-31T03:05:39.287084,2026-09-14T14:32:48.511001
event-42,lembaga-1,Exhibition Blockchain 1991,Nisi corporis exercitationem perferendis quaerat aliquid soluta. Perspiciatis dolorum itaque incidunt animi sunt eos. Error voluptates vitae optio cupiditate.,https://picsum.photos/800/600,https://dummyimage.com/1200x800,2026-09-30T18:06:44.491569,2026-10-05T19:05:56.051737,On going,,Lapangan Kampus,70,90,False,True,2026-08-26T03:17:51.176708,2026-08-31T18:06:44.272925
event-43,lembaga-7,Bootcamp IoT 2019,"Dolore beatae dolore eum.
Dolor inventore nesciunt vero ex mollitia.
Quas inventore officia reprehenderit rem. Quos accusantium provident quisquam autem iusto.
Non occaecati similique rerum quos ipsam sapiente. Incidunt accusantium aliquid consequuntur inventore suscipit.",https://placekittens.com/800/600,https://picsum.photos/1200/800,2027-07-21T22:51:29.272346,2027-07-25T11:21:16.068975,Coming Soon,,Pontianak,387,33,False,True,2027-07-18T21:09:33.792171,2027-06-21T22:51:29.996575
event-44,lembaga-11,Hackathon Data Science 2009,"Nisi porro doloremque temporibus sapiente. Sequi commodi sunt excepturi. Cum porro officiis ipsa.
Similique voluptates aperiam vitae. Quidem quo totam quod alias reiciendis iusto facilis.
Perspiciatis qui voluptas soluta. Assumenda quibusdam vel officia.",https://picsum.photos/800/600,https://dummyimage.com/1200x800,2027-02-05T07:37:44.318854,2027-02-06T05:06:15.925153,Coming Soon,,Aula Utama,119,10,False,True,2027-01-23T23:38:25.005627,2027-01-06T07:37:44.740860
event-45,lembaga-1,Competition AI 2011,"Agree week pattern break least talk early. Anything baby hard concern since line. Fund important everyone drive. Weight company any home theory sign ability.
Also paper rate election against west already. When reason future several now list already.",https://dummyimage.com/800x600,https://placekittens.com/1200/800,2027-05-10T07:44:07.104422,2027-05-11T01:07:32.500593,On going,https://perum.net.id/,Ruang Seminar,318,14,False,True,2027-03-30T14:59:44.312607,2027-04-10T07:44:07.988106
event-46,lembaga-9,Hackathon Mobile 1981,"Nihil itaque sunt ea amet cumque. Temporibus repellat commodi. Repellat praesentium sit non mollitia nobis.
Tenetur iusto debitis earum dolores omnis facilis. Fugit sapiente eveniet maxime ex animi dicta tenetur.
Est doloribus cumque aliquid non nulla est.",https://dummyimage.com/800x600,https://placekittens.com/1200/800,2027-03-22T16:19:15.168026,2027-03-23T23:36:44.920017,On going,,Ruang Seminar,98,57,False,True,2027-01-25T04:19:04.426301,2027-02-20T16:19:15.852510
event-47,lembaga-14,Competition AI 1987,"Discuss benefit thus if little month summer. Full stuff standard determine mind. According after national size mouth.
Book customer teacher her believe opportunity up. Anyone man market boy spend Mrs.",https://placekittens.com/800/600,https://dummyimage.com/1200x800,2027-01-22T11:32:58.056756,2027-01-24T18:12:35.781060,Ended,http://perum.ac.id/,Online (Zoom),368,98,False,False,2027-01-12T07:36:13.160680,2026-12-23T11:32:58.611268
event-48,lembaga-5,Competition IoT 1986,"Time carry mission positive. Style growth field send treat anything. Get bad often fine until write.
Organization foreign defense method. Prepare enough defense skill name plant. Effort face nor for moment interview.",https://dummyimage.com/800x600,https://dummyimage.com/1200x800,2027-07-02T08:04:03.215469,2027-07-03T02:35:59.371746,On going,https://www.pd.go.id/,Lab Komputer,284,38,True,True,2027-05-26T04:45:26.286018,2027-06-02T08:04:03.064140
event-49,lembaga-5,TechFest Data Science 2024,Doloremque recusandae nobis necessitatibus qui nemo ut. Voluptatum quod eos ea vitae. Ipsum aspernatur ab veritatis incidunt blanditiis.,https://picsum.photos/800/600,https://picsum.photos/1200/800,2026-10-28T05:59:14.661739,2026-10-29T04:17:55.627758,On going,,Online (Zoom),199,82,False,True,2026-09-15T00:19:38.738235,2026-09-28T05:59:14.243002
event-50,lembaga-8,Competition Data Science 1970,"Eveniet rerum iure doloremque. Quam possimus voluptate libero vel at.
Quasi debitis minima et aperiam quisquam esse. Praesentium magnam doloremque optio.
Nostrum officiis maiores dolorem. Repudiandae dolore nam eius vitae hic veritatis. Ad ab ipsum magni quos officiis in.",https://dummyimage.com/800x600,https://picsum.photos/1200/800,2027-01-30T20:02:36.422970,2027-02-01T15:38:21.217586,Ended,,Aula Utama,320,10,True,False,2026-12-17T20:24:22.813402,2026-12-31T20:02:36.585018
event-51,lembaga-4,Bootcamp AI 1988,"Veniam asperiores laboriosam asperiores quaerat ab corporis labore. Provident earum deleniti nisi.
Amet perspiciatis voluptatum velit quam esse quibusdam. Ad doloremque expedita adipisci velit ipsum corporis. Itaque a unde quas.",https://picsum.photos/800/600,https://dummyimage.com/1200x800,2027-03-23T14:31:36.337693,2027-03-23T21:34:30.829861,Coming Soon,https://www.perum.net.id/,Gedung B,74,100,False,False,2027-01-23T12:51:17.018540,2027-02-21T14:31:36.285616
event-52,lembaga-15,Hackathon Cloud Computing 2004,"Harum quaerat quasi laboriosam rerum sequi delectus nesciunt. Ea sed magni assumenda eos architecto suscipit. Excepturi dolorem quis.
Perferendis velit temporibus quae ullam nisi voluptate. Nihil necessitatibus autem quis.",https://picsum.photos/800/600,https://picsum.photos/1200/800,2027-06-14T11:57:47.770360,2027-06-16T00:25:16.934505,Ended,,Ruang Seminar,388,31,False,False,2027-04-22T16:36:54.373522,2027-05-15T11:57:47.203113
event-53,lembaga-5,Workshop AI 1981,"Ullam voluptate doloremque beatae reiciendis. Iusto aut natus impedit occaecati necessitatibus cum natus. Tenetur facere doloribus et delectus deserunt delectus.
Provident accusamus veniam temporibus. In hic delectus sunt pariatur.",https://picsum.photos/800/600,https://picsum.photos/1200/800,2027-05-02T00:16:45.983694,2027-05-04T05:13:51.061329,Coming Soon,,Gedung B,156,38,False,False,2027-04-30T00:14:25.709574,2027-04-02T00:16:45.059428
event-54,lembaga-3,Exhibition Web Dev 1998,"Laboriosam dolore ducimus quam expedita. Eius doloribus amet facere impedit accusantium.
Accusantium optio labore nobis eveniet vel nostrum ratione. Ratione deserunt nostrum veniam corrupti dolorum quaerat.",https://picsum.photos/800/600,https://dummyimage.com/1200x800,2026-08-21T05:39:37.246689,2026-08-24T07:36:47.242407,On going,http://www.pt.int/,Lab Komputer,408,48,True,False,2026-08-05T18:09:43.097065,2026-08-04T02:04:48.792501
event-55,lembaga-14,Seminar AI 1990,"Harum iste itaque assumenda ipsum velit amet. Perspiciatis facere fugit.
Voluptatum earum doloribus sequi beatae qui. Eum iure voluptates architecto accusamus reprehenderit.
Inventore ullam iusto. Assumenda saepe corporis ad sapiente reiciendis.",https://dummyimage.com/800x600,https://picsum.photos/1200/800,2026-10-28T19:45:31.151509,2026-10-29T03:27:18.031577,On going,,Gedung B,170,77,True,False,2026-10-11T17:58:49.810556,2026-09-28T19:45:31.541701
event-56,lembaga-7,Competition Cyber Security 2019,"Perferendis deleniti facere expedita provident voluptate. Repudiandae rerum quae ut. Enim voluptatum culpa assumenda.
Illum possimus occaecati facere illum. Autem voluptate blanditiis dolores sunt aliquam facilis.",https://dummyimage.com/800x600,https://picsum.photos/1200/800,2026-10-13T23:25:48.678509,2026-10-14T09:25:32.955057,Ended,,Lapangan Kampus,413,88,True,True,2026-08-29T21:02:34.301412,2026-09-13T23:25:48.695097
event-57,lembaga-5,TechFest Data Science 2023,"Development center since. Nature father player.
Debate scene people firm scientist among about. Pick above attack assume.
See card wonder network environmental. Expert power trade away.
Break know significant meet order. Thought later outside concern house rest nothing. Finish sit one course.",https://picsum.photos/800/600,https://placekittens.com/1200/800,2027-01-24T11:40:43.481885,2027-01-28T02:24:46.897963,On going,http://stevens.com/,Ruang Seminar,209,100,False,False,2026-12-11T01:30:44.060578,2026-12-25T11:40:43.403259
event-58,lembaga-18,Competition Mobile 1995,"Drive standard wife per remain. Whether pressure why everyone player.
Rather method whose wind my thousand. Why that author space the impact. Recent respond marriage difference service.",https://picsum.photos/800/600,https://picsum.photos/1200/800,2026-07-21T14:30:44.312717,2026-07-25T18:52:22.686795,On going,,Gedung B,227,32,False,False,2026-07-03T22:40:03.821346,2026-07-26T19:13:19.977117
event-59,lembaga-16,Exhibition Mobile 2001,"Laboriosam quam delectus unde laborum nostrum. Maiores doloremque rerum aliquam ut veniam vero veritatis.
A magni minus itaque expedita. Consequatur doloremque voluptatum totam. Provident accusamus quia occaecati.",https://placekittens.com/800/600,https://placekittens.com/1200/800,2026-07-22T04:03:42.693350,2026-07-25T11:57:52.125144,Coming Soon,,Aula Utama,127,89,False,False,2026-06-30T12:26:01.371145,2026-07-08T11:51:25.546161
event-60,lembaga-19,Hackathon IoT 2024,"Suggest figure turn share explain short join. As people take share rock. Agree bring particularly performance teacher financial describe.
Without under another really. Top share market admit special another appear. Go girl economy human these board.",https://dummyimage.com/800x600,https://placekittens.com/1200/800,2026-10-30T00:28:34.600250,2026-11-04T17:38:15.603205,Ended,https://www.ud.sch.id/,Aula Utama,283,25,False,False,2026-10-21T09:02:39.325980,2026-09-30T00:28:34.643962
event-61,lembaga-3,TechFest Blockchain 2021,"A adipisci harum reprehenderit quis. Ullam iure maxime expedita magni consequuntur dolorum nemo.
Qui voluptatibus laudantium sequi. Mollitia molestiae iste officia est sunt. Voluptatem architecto voluptatem sequi facilis tenetur dicta veritatis.",https://dummyimage.com/800x600,https://picsum.photos/1200/800,2027-05-25T16:32:01.884921,2027-05-26T11:33:26.821150,Coming Soon,https://www.mcneil-gray.biz/,Lapangan Kampus,219,51,True,True,2027-05-20T18:13:59.885312,2027-04-25T16:32:01.737573
event-62,lembaga-5,Hackathon Blockchain 1991,"Business tend behind TV.
Top likely surface night civil in. Theory scientist professor similar big if knowledge. Tv seek material.
Sister student study later memory eight Democrat. Concern call he. Suddenly role into language night mouth particularly.",https://placekittens.com/800/600,https://placekittens.com/1200/800,2027-03-15T00:45:26.132173,2027-03-17T15:36:40.271636,Ended,https://pd.org/,Ruang Seminar,291,2,True,False,2027-01-31T13:12:10.125030,2027-02-13T00:45:26.061091
event-63,lembaga-3,Conference Data Science 1986,"Maxime ullam nostrum perspiciatis. Voluptate ut eligendi vel velit illum.
Ad temporibus minus. Esse exercitationem laboriosam provident officia in illum. Deserunt nihil est ad voluptates qui eius.
Nulla facilis saepe adipisci. Mollitia quaerat ducimus iure iusto.",https://picsum.photos/800/600,https://picsum.photos/1200/800,2027-01-01T11:30:02.757068,2027-01-01T18:35:58.224526,On going,,Aula Utama,465,84,False,True,2026-11-03T19:06:26.930833,2026-12-02T11:30:02.659772
event-64,lembaga-16,TechFest Mobile 1976,"Stop final degree benefit concern relationship memory. Meeting spend energy.
Explain rise risk relationship. Car reveal sell big why goal. Respond piece traditional sign.
Fire dark year list series. Decade commercial wonder be my outside much. Now benefit along specific me former follow.",https://placekittens.com/800/600,https://dummyimage.com/1200x800,2026-08-12T21:17:44.985260,2026-08-15T11:42:18.926187,Coming Soon,,Gedung B,385,32,False,False,2026-06-21T18:28:15.925757,2026-08-01T12:30:25.066312
event-65,lembaga-7,Exhibition Blockchain 1982,"Fire effort weight effort cause. Room series pass agree. State determine act of boy.
Exactly budget yes wife. Leave institution truth from.
Bank treat campaign tonight open growth friend. Author visit method surface. Law great evidence adult and check animal meeting.",https://picsum.photos/800/600,https://dummyimage.com/1200x800,2027-02-18T10:39:50.238433,2027-02-20T09:55:03.602858,Coming Soon,,Gedung A,216,8,False,False,2027-01-27T07:50:11.652872,2027-01-19T10:39:50.934633
event-66,lembaga-6,Hackathon Cloud Computing 1993,"Dignissimos delectus consectetur officia provident. Hic est ex eligendi neque quisquam nisi tenetur.
Veniam doloremque repudiandae sapiente. Blanditiis eos officiis id autem dicta. Facere possimus cupiditate facilis sit voluptates.",https://dummyimage.com/800x600,https://picsum.photos/1200/800,2026-09-21T04:57:02.184666,2026-09-22T01:34:28.081496,On going,,West David,75,31,True,True,2026-08-16T07:28:39.239502,2026-08-22T04:57:02.149446
event-67,lembaga-18,Bootcamp Cloud Computing 1991,"Recusandae iure a. Vero non incidunt sapiente.
Mollitia qui quaerat ad. Dolor iure totam aut. Dolorem eligendi adipisci iusto quibusdam vel soluta.
Rerum blanditiis in accusamus officiis accusamus. Explicabo illo in autem.",https://dummyimage.com/800x600,https://dummyimage.com/1200x800,2026-12-05T03:03:46.560562,2026-12-12T01:54:25.426395,Coming Soon,,Ruang Seminar,118,69,True,True,2026-11-03T08:46:15.647776,2026-11-05T03:03:46.299010
event-68,lembaga-6,Conference Data Science 1994,Esse corrupti eum iste quasi ut perferendis eligendi. Facere doloremque quaerat necessitatibus minus. Dolore officia culpa quod consequuntur.,https://dummyimage.com/800x600,https://placekittens.com/1200/800,2027-07-25T22:14:29.482766,2027-07-26T10:41:02.623863,Ended,http://dixon.info/,Aula Utama,367,90,False,False,2027-06-01T06:11:37.423024,2027-06-25T22:14:29.047273
event-69,lembaga-16,Exhibition Cyber Security 1971,"Quaerat nam enim aliquid. Nemo a similique non nostrum dolores.
At perferendis nisi ipsum ex maiores rerum doloribus. Fuga officia possimus ex odit dignissimos occaecati excepturi.",https://placekittens.com/800/600,https://placekittens.com/1200/800,2027-06-06T09:25:23.276062,2027-06-06T15:28:15.511509,Coming Soon,,Online (Zoom),184,9,False,False,2027-04-11T08:38:20.793818,2027-05-07T09:25:23.633904
event-70,lembaga-5,TechFest AI 2010,"Election those check week not. Lose still lose throughout not big. Area between month ten.
West send teach law home carry.
List these investment use son strong stage. Represent white late rock.
Rise purpose center Democrat page. Western man kitchen difference.",https://placekittens.com/800/600,https://dummyimage.com/1200x800,2027-06-02T20:12:39.525952,2027-06-05T13:05:43.412952,Coming Soon,,Lab Komputer,471,3,False,False,2027-05-18T10:00:26.774889,2027-05-03T20:12:39.257618
event-71,lembaga-3,Conference Data Science 1988,"Culpa nisi maiores facilis. Earum ea perferendis nam qui. Quam blanditiis officiis voluptatem blanditiis.
Nostrum dicta voluptas laudantium. Fuga tempore suscipit repudiandae est aspernatur.
Quo vitae dolorum error ipsam. Molestias qui iusto impedit omnis accusamus esse. Repudiandae dolor qui.",https://dummyimage.com/800x600,https://dummyimage.com/1200x800,2026-07-20T06:12:46.767096,2026-07-22T05:05:04.169855,Coming Soon,,Aula Utama,330,22,False,True,2026-06-01T10:58:21.012033,2026-06-22T16:18:38.884128
event-72,lembaga-13,Hackathon Blockchain 1981,"Support sometimes none main west. Mother back pick respond though dream.
Seek fact worker strong. Heart table bar become food first. Page represent wife together step turn likely might.
Hour focus night traditional. Avoid positive share way gun.",https://dummyimage.com/800x600,https://picsum.photos/1200/800,2026-08-12T23:04:35.240910,2026-08-13T22:23:26.802478,Ended,https://mckay.com/,Gedung A,231,77,False,False,2026-07-09T09:51:48.196791,2026-08-05T12:55:10.626742
event-73,lembaga-8,TechFest Web Dev 1997,Iste cum magnam aperiam corrupti. Error voluptatem quam itaque tenetur asperiores. Tempora asperiores vel quidem blanditiis id minima.,https://dummyimage.com/800x600,https://placekittens.com/1200/800,2026-12-26T03:22:33.496742,2026-12-28T03:13:42.876611,Ended,,Lab Komputer,274,82,True,True,2026-11-05T00:01:36.422526,2026-11-26T03:22:33.555462
event-74,lembaga-15,Seminar Mobile 2002,"Year trade way light common live bit. Speech question miss several space type lot. Though candidate decade heart service.
Lot find camera window. Process continue light whom.
Own type discover. Whose girl follow red behind across resource.",https://picsum.photos/800/600,https://dummyimage.com/1200x800,2027-06-09T15:30:58.790415,2027-06-10T17:54:41.547627,Coming Soon,https://pd.org/,Tomohon,110,35,True,True,2027-04-18T18:38:56.237630,2027-05-10T15:30:58.514457
event-75,lembaga-1,Bootcamp AI 1974,"Big hand expect as know conference. Certainly environmental civil. Once think floor five sign five identify.
Lawyer positive later blue his. Hot fire visit TV tell ground. Tough throw magazine window suffer appear boy.",https://dummyimage.com/800x600,https://placekittens.com/1200/800,2027-05-28T05:54:51.171619,2027-06-01T19:23:37.551539,On going,http://www.jones-ball.com/,Lapangan Kampus,403,85,False,True,2027-05-07T18:19:10.031070,2027-04-28T05:54:51.620041
event-76,lembaga-8,Seminar IoT 2010,"Both go a we know probably meet. Cover but yeah tough.
Course lead interest than lose. Throughout health street bar that early fish. Set his toward important possible. Usually feeling inside age.
Political late level around modern. Method teach manage partner despite various.",https://placekittens.com/800/600,https://placekittens.com/1200/800,2026-10-14T21:26:47.278902,2026-10-15T09:03:52.748578,On going,,Lapangan Kampus,200,52,False,False,2026-08-28T16:51:07.476614,2026-09-14T21:26:47.458978
event-77,lembaga-4,Conference AI 1970,"Involve increase consumer north population. Adult car station arrive sort senior. Change find win difficult television such answer trade.
Spring tonight oil fish. Fight so goal leg method paper wife. Pull at hour loss you garden sell.",https://picsum.photos/800/600,https://dummyimage.com/1200x800,2027-07-09T01:43:22.404901,2027-07-11T04:33:36.948840,Ended,https://cooper.info/,Gedung B,392,35,False,False,2027-07-06T01:39:27.452265,2027-06-09T01:43:22.247578
event-78,lembaga-11,Workshop Cyber Security 1978,"City gun father financial test could piece well. Decade network him.
Guy majority eight end policy network. Become enjoy life build because executive.
General catch activity be significant. Film likely put.
Thus world score same study some guy. Analysis full between material with century.",https://picsum.photos/800/600,https://picsum.photos/1200/800,2026-07-19T11:12:41.265006,2026-07-20T07:00:01.950043,Coming Soon,,Ruang Seminar,395,59,False,False,2026-05-26T12:28:45.915305,2026-07-30T10:23:14.285640
event-79,lembaga-14,Exhibition IoT 1996,"Optio repellendus laborum asperiores expedita.
Sapiente facilis praesentium inventore dolor facere aut. Corporis illum atque.
Labore labore aspernatur doloremque harum illum. Culpa quibusdam quisquam qui fuga aspernatur.
Perferendis similique repellat est cum quos. Tempora unde explicabo.",https://dummyimage.com/800x600,https://picsum.photos/1200/800,2027-05-28T08:22:45.060879,2027-05-28T12:33:02.487041,On going,,Lab Komputer,232,57,True,True,2027-05-12T22:11:24.875622,2027-04-28T08:22:45.284035
event-80,lembaga-20,Hackathon AI 2004,"Those his chair design material six environmental. Ask check away side throughout wear. Drug couple various blood tell.
Voice morning player available economic face carry. Industry edge thank thank card current police personal. They husband police customer play former through.",https://picsum.photos/800/600,https://placekittens.com/1200/800,2027-03-05T16:15:59.735598,2027-03-08T15:34:25.624293,On going,https://pd.net.id/,Ruang Seminar,158,77,False,False,2027-02-09T23:34:31.421593,2027-02-03T16:15:59.463691
event-81,lembaga-16,Conference IoT 2019,"Odit enim numquam sit assumenda. Eum ullam consequatur iure laboriosam quo.
Aut quia ad dolore doloremque eligendi vero.
Tempora sunt nihil aliquid nihil vitae tempore. Ut fugit fugiat magni.",https://picsum.photos/800/600,https://dummyimage.com/1200x800,2027-04-01T16:37:12.513593,2027-04-01T19:01:13.321954,Coming Soon,http://mercado.info/,Online (Zoom),336,7,False,False,2027-03-30T01:52:26.012274,2027-03-02T16:37:12.367434
event-82,lembaga-3,Hackathon Cloud Computing 2012,"Maybe weight visit game night sit. Win pick central space listen forward. Plant site assume despite suggest they.
Within still father attack country state education. Tree organization camera action beautiful water. Hot range service attorney chair eye.",https://placekittens.com/800/600,https://picsum.photos/1200/800,2027-07-03T02:55:25.437683,2027-07-04T07:18:54.718278,Coming Soon,,Lab Komputer,247,74,False,True,2027-06-14T17:34:53.759933,2027-06-03T02:55:25.111376
event-83,lembaga-19,Competition Cloud Computing 1985,"Cause hot arrive various. Tax these trip. But theory sister follow peace institution weight.
More send form around. Break hair less peace.
Outside either better when center close individual. Throughout eat four understand.
There over natural from. Fund into wrong.",https://dummyimage.com/800x600,https://placekittens.com/1200/800,2027-01-12T02:08:19.397181,2027-01-13T23:12:51.738080,Ended,,Lab Komputer,396,23,False,True,2026-11-26T09:45:16.637312,2026-12-13T02:08:19.344037
event-84,lembaga-2,Bootcamp Web Dev 1982,"Impedit quasi magni dolores corporis. Nisi est magni occaecati.
Dicta dicta tempora laboriosam ad soluta voluptatum. Molestias itaque aliquam labore doloremque temporibus.
In commodi aut et voluptas. Dolorem qui tempore. Nulla eum sunt quae debitis.",https://placekittens.com/800/600,https://picsum.photos/1200/800,2027-02-07T05:46:07.319363,2027-02-12T14:06:48.421504,Coming Soon,,Online (Zoom),129,21,False,True,2027-01-31T08:49:35.882939,2027-01-08T05:46:07.644916
event-85,lembaga-2,Conference IoT 1975,"Excepturi id cum autem. Quas aperiam veniam officiis eius.
Blanditiis quasi necessitatibus nesciunt inventore blanditiis expedita. Ipsam atque repellat tempora quisquam aspernatur veritatis.
Repellat ea excepturi et. Excepturi ut reiciendis alias eos debitis asperiores.",https://picsum.photos/800/600,https://dummyimage.com/1200x800,2026-10-12T13:19:44.032788,2026-10-14T22:46:00.651095,Coming Soon,,Gedung B,148,58,True,True,2026-09-19T10:26:50.474427,2026-09-12T13:19:44.665085
event-86,lembaga-9,Conference Cyber Security 1983,"Error odio odit odit maiores recusandae fuga magni. Nostrum soluta expedita earum laboriosam architecto ducimus.
Cupiditate blanditiis sit culpa molestiae.
Quos deleniti quaerat. Dolorem dolores vel dignissimos.",https://placekittens.com/800/600,https://placekittens.com/1200/800,2027-01-25T08:31:58.595386,2027-01-26T06:21:07.748000,On going,,Lab Komputer,157,40,False,False,2026-12-28T00:45:41.248439,2026-12-26T08:31:58.970325
event-87,lembaga-2,Seminar Data Science 1992,"Civil lawyer sign power study. Pm bank law.
Quality check just. Four red dog along southern food majority. Finally require buy child.
Modern detail develop. Others Democrat interest if consumer generation. Simple data management movement certain staff.",https://picsum.photos/800/600,https://placekittens.com/1200/800,2026-08-24T05:28:02.116948,2026-08-28T16:16:59.751635,Ended,,Lapangan Kampus,165,16,False,False,2026-08-22T06:05:15.183843,2026-07-26T18:45:59.042958
event-88,lembaga-9,Competition Blockchain 1998,"Eveniet odit alias corporis odio iusto at. Corrupti illum reprehenderit eligendi aliquid. Eos esse modi quisquam omnis.
Impedit dolorem explicabo alias atque sit sint. Non repellendus error porro fuga. Molestiae tenetur necessitatibus assumenda totam voluptatibus eligendi.",https://placekittens.com/800/600,https://dummyimage.com/1200x800,2026-11-02T03:11:16.807170,2026-11-02T05:41:22.968369,Ended,http://carlson.info/,Leeshire,301,19,False,True,2026-10-21T23:17:22.714548,2026-10-03T03:11:16.360618
event-89,lembaga-5,Hackathon Data Science 1974,"Ullam suscipit ratione cum occaecati. Totam facilis quaerat harum. Qui libero nostrum atque eaque quod iure.
Eius at ipsam a id. Eius sit provident deleniti. Aut repellendus alias officia.",https://placekittens.com/800/600,https://dummyimage.com/1200x800,2026-09-24T19:53:30.829565,2026-09-28T01:17:45.637000,Ended,,Lewisborough,493,79,False,False,2026-08-12T14:44:31.346506,2026-08-25T19:53:30.093827
event-90,lembaga-19,Workshop Cyber Security 2024,"Dicta autem dolore asperiores. Magnam illum officia expedita in aspernatur repellendus. Placeat vel alias nihil reprehenderit quod.
Aut nesciunt repudiandae mollitia quae corporis molestias cum. Totam delectus exercitationem nemo cum amet.",https://placekittens.com/800/600,https://dummyimage.com/1200x800,2026-12-10T06:32:33.525136,2026-12-15T13:46:18.237893,Ended,https://cv.edu/,Gedung B,458,38,False,False,2026-11-10T19:54:02.836600,2026-11-10T06:32:33.615251
event-91,lembaga-1,Bootcamp Mobile 1983,"National glass thing small their relationship. Hand others season describe quickly bar.
Example test college range fear never century opportunity. Decide show customer. Certain describe you behind.",https://placekittens.com/800/600,https://dummyimage.com/1200x800,2027-06-21T13:22:42.732101,2027-06-23T05:15:06.925990,Ended,,Gedung A,337,72,False,False,2027-06-12T10:20:10.983883,2027-05-22T13:22:42.138423
event-92,lembaga-18,Bootcamp Mobile 1993,"Porro neque cumque quasi perspiciatis. Corrupti rerum ullam tenetur nisi earum.
Repudiandae beatae iusto facilis beatae doloremque. Voluptatum placeat voluptas itaque unde ratione eligendi. Aliquid deleniti sequi temporibus. Ab culpa unde accusantium dignissimos animi nisi soluta.",https://placekittens.com/800/600,https://placekittens.com/1200/800,2026-08-12T17:05:37.436436,2026-08-15T20:31:32.920031,Coming Soon,,Online (Zoom),245,21,False,True,2026-07-04T08:41:18.561725,2026-07-21T11:40:46.734860
event-93,lembaga-5,Conference Web Dev 2023,"Nisi illum praesentium.
Quidem totam eius quia perspiciatis impedit sunt. Itaque laboriosam recusandae harum. Debitis laboriosam dicta saepe velit.
Itaque necessitatibus odit deleniti temporibus. Numquam laborum unde nesciunt architecto animi. Repudiandae neque modi vel.",https://placekittens.com/800/600,https://picsum.photos/1200/800,2026-09-14T22:47:51.106906,2026-09-15T08:24:13.999892,Ended,https://cv.biz.id/,Gedung A,86,44,False,False,2026-08-07T20:30:15.319934,2026-08-15T22:47:51.487406
event-94,lembaga-5,Workshop Cloud Computing 2004,"Maxime odio magni labore nesciunt eaque. Et quos maiores accusantium tempora maiores.
Totam quidem eligendi sint aut. Dolorum neque cum enim. Non distinctio corporis corporis exercitationem.
Itaque explicabo reprehenderit eligendi voluptatem. Magnam a ut dicta.",https://dummyimage.com/800x600,https://placekittens.com/1200/800,2027-06-03T11:01:56.745013,2027-06-03T14:05:13.898853,On going,,Lapangan Kampus,153,63,False,False,2027-04-14T10:37:34.046959,2027-05-04T11:01:56.835582
event-95,lembaga-6,TechFest IoT 2019,"Beautiful fly institution ok at prove much. Nearly author door health.
World marriage decide. Never free often hit conference go tax name.
Expect page who war detail kitchen your inside. Left send save himself plant. Success five difficult.",https://picsum.photos/800/600,https://dummyimage.com/1200x800,2027-06-12T11:12:15.129864,2027-06-13T01:20:20.956182,Ended,http://ud.net.id/,Online (Zoom),426,84,False,False,2027-06-06T03:16:40.881611,2027-05-13T11:12:15.027976
event-96,lembaga-2,Seminar Cloud Computing 1983,"Important hospital do stay try.
Them news body account concern. Agree should three thousand first. Choose actually wonder smile.
Brother director ask them him voice. School particularly ready fire. Television buy do structure ten. Help another win seem character security Republican.",https://picsum.photos/800/600,https://dummyimage.com/1200x800,2027-04-21T10:42:07.276693,2027-04-24T07:28:36.567025,Ended,,Aula Utama,454,22,False,False,2027-04-05T09:54:17.987280,2027-03-22T10:42:07.572903
event-97,lembaga-2,Competition AI 1980,"Laugh change main decide your sometimes eight organization. Race will effect chair subject lot mission. Rock protect south usually staff allow allow.
Sound their first as hit outside. Generation out matter anything.",https://dummyimage.com/800x600,https://dummyimage.com/1200x800,2026-11-30T17:54:00.556612,2026-12-04T04:59:18.037011,Coming Soon,,Online (Zoom),223,19,False,False,2026-11-15T18:43:26.603774,2026-10-31T17:54:00.889512
event-98,lembaga-20,TechFest Cyber Security 1994,"Culpa quod sapiente in sit dolore mollitia. Mollitia autem architecto perspiciatis placeat voluptatum.
Consectetur fugit molestias dolore corrupti est.
Atque maxime architecto consectetur minima praesentium explicabo. Ex ex eligendi natus laudantium saepe aliquid.",https://placekittens.com/800/600,https://picsum.photos/1200/800,2027-04-16T08:01:29.772950,2027-04-19T12:15:46.340959,Coming Soon,https://pt.desa.id/,Ruang Seminar,192,78,False,False,2027-03-19T17:43:34.916320,2027-03-17T08:01:29.644740
event-99,lembaga-17,Workshop Blockchain 1986,"Nostrum labore quam vitae eligendi. Facilis nostrum expedita eveniet accusamus dolores.
Cupiditate aut dolor delectus necessitatibus facilis. Repellendus debitis quo ipsam reiciendis perferendis. Hic harum minus accusamus libero iusto rerum.
Error ratione magni officiis.",https://picsum.photos/800/600,https://placekittens.com/1200/800,2027-02-13T22:24:51.980407,2027-02-14T00:18:38.417057,On going,,Bima,328,79,False,True,2026-12-17T18:40:00.402145,2027-01-14T22:24:51.101914
event-100,lembaga-8,Workshop AI 2021,"Glass kind organization include new morning. She goal perhaps area painting. Effect particular news middle base possible.
Great interview professional great oil fire cell trade.
Bring trade soldier position glass country. Him expert away traditional. Letter win Congress again push item many soon.",https://picsum.photos/800/600,https://picsum.photos/1200/800,2027-02-06T13:40:42.659390,2027-02-07T03:59:10.719162,Coming Soon,,Gedung A,465,6,False,True,2027-01-15T07:43:00.099807,2027-01-07T13:40:42.499693
event-101,lembaga-8,Competition Cyber Security 1991,"Accusamus architecto ducimus recusandae optio facere adipisci. Repellat molestias ipsam adipisci.
Quisquam harum asperiores reprehenderit officia. Nam dolor fugit optio libero omnis tempore cum.
Alias nihil quasi officiis fugit aperiam voluptates. Consequatur dolorem voluptatibus occaecati in.",https://dummyimage.com/800x600,https://dummyimage.com/1200x800,2026-08-04T18:50:29.047397,2026-08-05T07:10:35.537174,Coming Soon,http://cook-murray.org/,Lapangan Kampus,273,63,False,False,2026-08-01T04:51:14.009461,2026-07-16T17:33:59.677770
event-102,lembaga-14,Competition Data Science 2020,"Suddenly executive possible center. Trade glass mind pattern by.
List five expert environment consider writer under. Long I manager economic draw card. Determine market although speak where.
That city authority commercial artist almost area. Station low method born technology machine side.",https://picsum.photos/800/600,https://picsum.photos/1200/800,2027-03-17T03:33:31.582096,2027-03-17T16:41:17.799179,On going,,Lab Komputer,361,83,False,True,2027-03-04T02:44:30.573865,2027-02-15T03:33:31.194896
event-103,lembaga-11,Bootcamp IoT 2023,"Less police message economy drug her wrong. Rather fill window night. Thought especially red identify company particular level.
Able government still imagine. Around investment together door. Teach do white work certainly.",https://placekittens.com/800/600,https://placekittens.com/1200/800,2026-11-14T07:46:35.279691,2026-11-20T05:43:17.212505,On going,http://baxter.com/,Ruang Seminar,330,10,True,True,2026-09-19T17:12:16.532554,2026-10-15T07:46:35.348424
event-104,lembaga-15,TechFest IoT 1972,"Matter everybody fight imagine pick power above. Person difference child every yourself policy.
Indicate drug figure another responsibility. Fall weight myself some red film carry.
Market chair threat consumer defense give. Could floor without north. You check decide possible act.",https://dummyimage.com/800x600,https://placekittens.com/1200/800,2027-01-29T09:15:52.947444,2027-01-30T23:08:53.859340,Ended,https://www.lynn.info/,Aula Utama,150,37,False,True,2026-12-29T21:43:37.895930,2026-12-30T09:15:52.059747
event-105,lembaga-18,Exhibition Web Dev 1989,Soluta doloremque saepe adipisci nisi vel. Mollitia fugiat dolorem. Exercitationem eaque laborum nobis magni. Quas officia ipsum minima a similique voluptatum.,https://dummyimage.com/800x600,https://picsum.photos/1200/800,2027-01-29T05:37:46.133591,2027-01-29T15:15:13.469290,On going,,Aula Utama,469,93,True,False,2026-12-27T19:20:42.286223,2026-12-30T05:37:46.310246
event-106,lembaga-4,Hackathon Mobile 1972,"Corporis itaque nostrum eveniet optio nam. Nulla iste maiores perferendis quaerat consequatur aliquid.
Nam blanditiis consequatur omnis.
Veritatis qui aspernatur. Atque nobis hic facere debitis. Facilis dolores doloribus similique tempore delectus quisquam dolor.",https://placekittens.com/800/600,https://dummyimage.com/1200x800,2026-10-06T13:39:23.280591,2026-10-06T22:22:58.214759,On going,http://hobbs.org/,Lab Komputer,57,38,False,False,2026-10-02T10:16:39.685617,2026-09-06T13:39:23.129316
event-107,lembaga-18,Exhibition Web Dev 2026,"Quas ipsum molestias nostrum qui asperiores fugit. Dicta nisi at quasi qui.
Consectetur dolore nihil quae culpa debitis. Ratione libero at odio adipisci ut.
Cumque dolorem quidem cumque ullam quia labore. Veniam itaque asperiores quibusdam dolorem.",https://dummyimage.com/800x600,https://dummyimage.com/1200x800,2027-06-13T22:39:15.765968,2027-06-14T15:32:37.349058,Ended,https://thompson-day.com/,Lapangan Kampus,360,84,False,False,2027-04-30T23:20:25.607677,2027-05-14T22:39:15.357320
event-108,lembaga-10,Seminar Mobile 1990,"Paper set although apply situation share certainly old. Morning better three wish capital. Air share hear.
Range security government. Safe end worker. Least alone way only long west reveal.",https://dummyimage.com/800x600,https://dummyimage.com/1200x800,2027-04-30T17:19:00.984368,2027-05-01T02:51:39.124107,Ended,,Aula Utama,425,64,False,True,2027-03-08T07:40:52.022514,2027-03-31T17:19:00.885298
event-109,lembaga-17,Workshop IoT 2009,"Major smile nothing effect book else. Decision economic rate against image.
Leg identify condition west single. Forget memory our policy glass case store.
Push each like window model continue. Improve police contain over great rest economy glass.",https://picsum.photos/800/600,https://dummyimage.com/1200x800,2027-03-28T05:14:42.693902,2027-03-28T12:55:25.265620,Coming Soon,,Odomburgh,146,28,True,False,2027-02-26T11:34:01.760679,2027-02-26T05:14:42.786367
event-110,lembaga-17,Conference Data Science 1983,"Optio ad animi quisquam. Nobis impedit debitis blanditiis ducimus dolorem. Unde iste ullam distinctio sequi eum. Recusandae ipsam quis est omnis laudantium.
Impedit odit nostrum eaque.
Distinctio dolores rerum amet numquam ad. Delectus et veniam eveniet ex. Pariatur dolorum reiciendis.",https://placekittens.com/800/600,https://picsum.photos/1200/800,2026-09-17T15:38:56.050689,2026-09-18T20:12:11.044870,Coming Soon,,Lapangan Kampus,69,86,False,False,2026-08-13T07:51:45.188568,2026-08-18T15:38:56.868822
event-111,lembaga-17,Bootcamp AI 1983,"Modern get subject carry nation return price contain. Speak about everyone share. Tell too represent something station traditional either.
Support something PM front. Physical level gas give sing. Imagine chance quite address relate college family worker.",https://picsum.photos/800/600,https://dummyimage.com/1200x800,2027-05-21T15:08:28.891100,2027-05-22T08:32:18.052087,On going,https://www.conway-bolton.com/,Online (Zoom),207,74,False,True,2027-03-26T01:36:32.333121,2027-04-21T15:08:28.158914
event-112,lembaga-15,Conference Mobile 2002,"Stock safe pass step allow throw job. Financial couple hard situation home.
Everyone already hair concern. Close thus trouble grow week. Region billion boy pay such choice part instead.",https://placekittens.com/800/600,https://picsum.photos/1200/800,2027-03-04T07:48:20.064363,2027-03-11T04:37:12.552093,On going,,Ruang Seminar,251,31,False,True,2027-03-02T14:30:46.686726,2027-02-02T07:48:20.565927
event-113,lembaga-3,Competition Cyber Security 1981,"Nobis cumque veniam ducimus reprehenderit. Ab dolorem quas commodi officia. Ratione veritatis harum quasi minus modi temporibus.
Repudiandae neque magni nam harum perferendis est. Incidunt corrupti unde nostrum.
Et distinctio eius ipsam.",https://dummyimage.com/800x600,https://dummyimage.com/1200x800,2026-12-21T22:31:08.460608,2026-12-22T15:52:42.141695,On going,http://www.gibson.com/,Lapangan Kampus,67,96,False,True,2026-11-14T03:50:00.165606,2026-11-21T22:31:08.213624
event-114,lembaga-6,Competition Cloud Computing 1981,"Asperiores et architecto quos accusantium. Minima quia inventore aut itaque quasi ut.
Alias tempora voluptate iusto ipsa. Quos ab maxime quisquam debitis. Eius velit unde molestias dolores dolorum.
Voluptates velit asperiores ratione. Iste tempore a vitae iusto non. Unde facere quam in earum sit.",https://dummyimage.com/800x600,https://dummyimage.com/1200x800,2027-05-27T14:54:01.338291,2027-05-28T12:54:33.936636,Coming Soon,,East Jennifer,344,29,False,False,2027-05-02T00:31:22.780437,2027-04-27T14:54:01.887064
event-115,lembaga-5,Seminar IoT 2018,"Corporis odio temporibus voluptatibus. Accusamus delectus commodi dolor. Aliquam quam ipsam repudiandae perspiciatis.
Animi officiis itaque libero. Autem ipsa beatae unde ullam. Eius deleniti enim nulla.
Ipsam voluptatum debitis expedita. Labore dignissimos maxime odio. Enim distinctio magnam fuga.",https://dummyimage.com/800x600,https://dummyimage.com/1200x800,2027-02-05T22:02:16.488237,2027-02-07T16:08:47.031365,Coming Soon,,Ruang Seminar,264,87,False,False,2027-01-16T01:24:09.380061,2027-01-06T22:02:16.875306
event-116,lembaga-14,Exhibition Cloud Computing 1984,"Consequuntur aspernatur nostrum beatae. Officiis nulla laudantium sapiente dolore explicabo minima. At excepturi in sapiente perferendis.
Ullam odio voluptates dolore. Officia est perferendis nisi autem saepe excepturi dolorum.",https://dummyimage.com/800x600,https://picsum.photos/1200/800,2027-07-11T16:19:09.870242,2027-07-16T16:11:15.246836,Coming Soon,http://www.higgins.info/,Lapangan Kampus,256,6,False,False,2027-06-02T05:03:19.083182,2027-06-11T16:19:09.684901
event-117,lembaga-7,Competition Web Dev 2007,"Call ever society sure report easy room. Property against church off miss price teach. Go particular air trial offer director.
Later head inside class result natural who final. Thing kid event friend billion. Pm agreement thing past. Instead military worry resource actually only activity.",https://placekittens.com/800/600,https://placekittens.com/1200/800,2026-10-15T13:46:08.854657,2026-10-16T13:14:45.295759,On going,,Gedung A,167,23,False,True,2026-09-24T10:01:36.203198,2026-09-15T13:46:08.458245
event-118,lembaga-7,Competition Blockchain 2018,"Architecto sapiente nisi adipisci. Sapiente ea odit incidunt. Quis voluptatum magnam fugit ducimus ipsa.
Totam harum itaque omnis modi animi. Distinctio quibusdam consequuntur veritatis occaecati. Aut tempore sit nemo.",https://placekittens.com/800/600,https://dummyimage.com/1200x800,2026-10-24T08:04:18.082149,2026-10-27T21:43:54.998276,Coming Soon,https://www.ud.or.id/,Gedung B,473,76,False,False,2026-09-05T04:18:02.510542,2026-09-24T08:04:18.006297
event-119,lembaga-20,Workshop Data Science 2026,"Training American fine attack. Reality build another official.
Reveal alone despite old picture last talk. City concern college sea keep sport send painting. Letter air across rule hope situation cultural.",https://dummyimage.com/800x600,https://dummyimage.com/1200x800,2027-07-30T23:38:28.526680,2027-08-02T23:01:31.126856,On going,https://www.pd.web.id/,Gedung A,159,58,False,True,2027-07-20T20:34:17.691867,2027-06-30T23:38:28.033049
event-120,lembaga-5,Exhibition Cyber Security 2024,"Molestiae impedit cumque. Eius optio illum necessitatibus eos modi. Vitae dolor saepe explicabo itaque ea soluta nostrum.
Beatae at consectetur quia illum itaque labore.",https://picsum.photos/800/600,https://picsum.photos/1200/800,2026-09-02T00:28:27.888735,2026-09-02T20:33:28.534628,Ended,,Aula Utama,387,67,False,False,2026-08-15T19:00:06.284708,2026-08-05T17:19:46.479927
event-121,lembaga-17,Conference Cloud Computing 1985,"Totam quibusdam impedit inventore ad reprehenderit ex. Dignissimos rem ratione magni aliquam. Sunt magni ipsa magnam.
Nisi nihil repellat iste mollitia minima aspernatur. Et totam iure culpa vel earum non enim. Aperiam dicta animi molestias nam quas.",https://placekittens.com/800/600,https://dummyimage.com/1200x800,2026-09-01T22:05:00.631495,2026-09-05T18:06:18.277060,Coming Soon,http://www.perum.org/,Online (Zoom),423,56,False,True,2026-07-15T01:36:46.233706,2026-08-07T15:34:24.178043
event-122,lembaga-17,Workshop Cyber Security 2019,"Impedit vel laboriosam quasi voluptates dignissimos quia. Ea iusto ad voluptates ducimus quo aliquid a. Dignissimos eveniet odio recusandae ratione consequuntur quisquam quia.
Ex quidem magnam vitae est sapiente animi. Necessitatibus aspernatur odio perspiciatis.",https://picsum.photos/800/600,https://picsum.photos/1200/800,2027-06-06T14:06:23.599954,2027-06-07T03:25:38.707636,Ended,,Gedung B,247,26,True,False,2027-05-05T01:28:16.597993,2027-05-07T14:06:23.325396
event-123,lembaga-13,TechFest IoT 1979,"Earum nemo harum enim magni suscipit accusantium amet. Magnam eligendi sint vitae facilis exercitationem nemo natus.
Temporibus eos ex ipsam. Veritatis eius fugit architecto minus veniam.",https://dummyimage.com/800x600,https://placekittens.com/1200/800,2027-06-25T10:53:48.063962,2027-06-27T12:35:35.694905,Coming Soon,http://www.pd.com/,Online (Zoom),471,28,False,False,2027-05-02T15:13:30.246307,2027-05-26T10:53:48.753466
event-124,lembaga-18,Workshop IoT 1998,"Consider believe race say since ask others. House wife man man voice table reflect. Leave perform field.
Cut well gas success star. Scientist ever real ball miss car level.
Company prepare design way anyone allow. Person some bed anyone show gas. Behavior him clear trip head short party tree.",https://dummyimage.com/800x600,https://placekittens.com/1200/800,2027-07-30T00:36:04.767109,2027-07-30T12:07:26.710762,Ended,https://wilcox.net/,Samarinda,183,42,True,False,2027-07-18T10:41:52.650117,2027-06-30T00:36:04.687009
event-125,lembaga-17,Conference AI 2007,"Rerum minima cumque quam laudantium natus non. Magni corrupti sed fuga. Vero cum nesciunt suscipit.
Accusamus voluptas hic expedita. Mollitia temporibus molestiae qui doloremque neque dignissimos. Error tempora nobis veniam odio labore.",https://picsum.photos/800/600,https://picsum.photos/1200/800,2026-12-21T20:17:08.034741,2026-12-23T10:17:30.151634,Coming Soon,https://www.fox-brown.com/,Lapangan Kampus,344,6,False,True,2026-12-17T00:11:31.532220,2026-11-21T20:17:08.167655
event-126,lembaga-12,Exhibition Web Dev 1975,"Molestias vel sint qui.
Velit illum commodi consectetur cum earum vel. Rerum magni molestiae blanditiis.
Placeat facere veniam laudantium molestias expedita. Beatae blanditiis rerum tempora numquam molestias. Quaerat ea consectetur aperiam.",https://picsum.photos/800/600,https://placekittens.com/1200/800,2027-03-06T09:02:50.663303,2027-03-11T06:09:49.085304,On going,,Aula Utama,295,0,True,False,2027-02-16T09:22:36.540411,2027-02-04T09:02:50.548958
event-127,lembaga-3,Exhibition Web Dev 1983,Unde quaerat mollitia laboriosam. Expedita autem cum sunt incidunt ab voluptas perspiciatis. Eaque magni minus adipisci illo enim. Distinctio fugit molestias eligendi molestiae.,https://dummyimage.com/800x600,https://picsum.photos/1200/800,2027-05-20T06:25:01.944939,2027-05-24T07:06:25.151226,On going,https://lewis.org/,Online (Zoom),227,40,True,False,2027-04-16T06:33:29.223523,2027-04-20T06:25:01.749192
event-128,lembaga-18,Conference Blockchain 2014,Feel reality position decade. I second report outside building. Move kitchen beautiful ability affect prove. Fight others tough energy ask minute several leader.,https://dummyimage.com/800x600,https://placekittens.com/1200/800,2026-11-17T23:29:32.157690,2026-11-19T04:39:01.764741,Ended,,Bontang,412,91,False,False,2026-10-11T20:03:32.381711,2026-10-18T23:29:32.059194
event-129,lembaga-10,Conference Cloud Computing 1993,Ad iusto numquam magni temporibus qui. Laboriosam nostrum id at. Maiores iste ad quos sequi esse aspernatur.,https://picsum.photos/800/600,https://picsum.photos/1200/800,2026-10-11T01:09:16.185373,2026-10-14T11:17:53.355235,Ended,,Ruang Seminar,359,96,False,True,2026-08-19T11:30:03.004333,2026-09-11T01:09:16.578375
event-130,lembaga-11,TechFest Cyber Security 1998,Tempora voluptatum laudantium a magnam fuga error deserunt. Tempore quam corporis sequi. Exercitationem repellat ipsam blanditiis non incidunt. Illo voluptate aperiam aperiam officia molestias quis.,https://dummyimage.com/800x600,https://picsum.photos/1200/800,2027-04-25T05:12:40.329231,2027-04-28T03:34:06.763100,On going,,Aula Utama,372,98,True,True,2027-03-17T22:43:05.826509,2027-03-26T05:12:40.567397
event-131,lembaga-6,Exhibition Mobile 2022,"Consequatur reprehenderit iste eligendi aspernatur. Occaecati explicabo in temporibus quas ipsa.
Aperiam quia mollitia magni sunt. Dolorum nesciunt labore modi nostrum incidunt dolorum sint.",https://dummyimage.com/800x600,https://picsum.photos/1200/800,2026-09-14T17:23:30.893557,2026-09-17T09:52:06.401250,Coming Soon,,Lab Komputer,210,91,False,True,2026-09-13T06:02:38.433031,2026-08-15T17:23:30.545118
event-132,lembaga-5,Competition IoT 2002,"Manager suddenly sort us certain management central. Already number provide hour bag national. Despite fall than.
Enter number individual during. Rule claim stage kitchen learn decade alone. High administration wide represent television.",https://placekittens.com/800/600,https://picsum.photos/1200/800,2026-08-11T04:40:13.930712,2026-08-13T04:21:47.167092,On going,,Online (Zoom),477,18,False,False,2026-08-03T03:45:13.376780,2026-08-02T17:15:56.041547
event-133,lembaga-16,Conference IoT 2002,"Atque quis omnis excepturi iure labore earum. Rerum laudantium quidem nostrum voluptate molestiae harum. Accusantium non maxime itaque nostrum dicta deleniti.
Architecto natus dicta cum. Voluptatem nesciunt ipsam nihil saepe.
Nesciunt nobis quod doloremque. Fuga est id harum aut officia.",https://picsum.photos/800/600,https://picsum.photos/1200/800,2026-11-12T00:21:05.685868,2026-11-14T16:38:37.664759,Coming Soon,,Gedung B,471,3,False,True,2026-10-10T12:38:56.783330,2026-10-13T00:21:05.927276
event-134,lembaga-6,Workshop IoT 1976,"Qui aliquam quos quas eveniet excepturi quas. Dolorum suscipit facilis sed unde eveniet.
Numquam possimus mollitia illo maxime numquam rerum. Tempore eaque consequuntur deserunt distinctio quaerat sapiente. Aperiam in velit explicabo.",https://dummyimage.com/800x600,https://dummyimage.com/1200x800,2026-07-24T20:21:52.423945,2026-07-25T18:55:02.420996,Ended,,Gedung B,489,62,False,True,2026-06-14T19:19:58.508857,2026-08-06T20:27:42.628623
event-135,lembaga-15,Exhibition Mobile 2000,"Increase realize east analysis result. Finish city heart water. Civil city news ahead likely American.
Support put true coach throw.
Federal surface concern during above administration. World board high side similar like matter prevent.
Them job task hot under theory entire.",https://dummyimage.com/800x600,https://dummyimage.com/1200x800,2027-01-02T08:33:04.121949,2027-01-04T14:05:07.398719,Ended,,Online (Zoom),50,90,False,True,2026-11-30T14:39:25.501964,2026-12-03T08:33:04.807436
event-136,lembaga-18,Exhibition Mobile 2007,"Type well threat less size truth particular maintain. Moment against entire. Mention effort listen action physical.
Part stuff central pass hospital for. Analysis particular however free phone actually camera.",https://placekittens.com/800/600,https://picsum.photos/1200/800,2027-04-24T22:25:05.956094,2027-04-30T02:56:29.332123,On going,,Ruang Seminar,257,68,True,False,2027-03-16T00:57:37.575096,2027-03-25T22:25:05.218091
event-137,lembaga-1,Conference Cyber Security 1986,"Town student produce rather. So theory yes leave general maybe few.
Figure still sell show benefit road leg. Reach type care who.
Finish measure trouble executive. Though sell indeed back game question worker. Look change middle industry including successful.",https://picsum.photos/800/600,https://placekittens.com/1200/800,2026-08-28T03:32:50.272785,2026-08-29T19:19:43.909254,Coming Soon,http://www.ud.gov/,Online (Zoom),353,81,False,True,2026-07-17T15:18:15.230207,2026-08-06T07:34:01.577366
event-138,lembaga-12,Hackathon AI 1971,"A that opportunity hear season whom big my. Who federal different several serious.
Plant chance work third church. Industry feeling model two nature discover science red.
Nation draw it tax draw. Social we friend nation next foreign magazine word.",https://placekittens.com/800/600,https://picsum.photos/1200/800,2027-01-08T04:55:31.676550,2027-01-09T15:07:03.025207,Coming Soon,,South Jennatown,425,60,False,False,2026-12-20T13:25:50.266977,2026-12-09T04:55:31.866257
event-139,lembaga-1,Conference Cyber Security 1971,"Institution life event help live interest. Card each sit sense allow.
Sell whether maybe prepare. Cold environment administration approach see Congress.
Heavy us itself international oil. Local idea picture account whole. Feel technology information green they.",https://placekittens.com/800/600,https://picsum.photos/1200/800,2026-08-30T13:51:50.081651,2026-09-02T06:48:51.017893,Ended,http://www.arellano.com/,Online (Zoom),68,95,False,False,2026-07-18T21:17:56.583506,2026-08-05T08:22:54.359943
event-140,lembaga-9,Competition Cyber Security 1981,"If guess low call professor. Agree look adult describe goal high everyone.
Little risk suggest mind. Whatever travel program improve. Probably fund sit little production.
Truth someone site suggest science executive.",https://placekittens.com/800/600,https://placekittens.com/1200/800,2027-02-16T10:36:00.922955,2027-02-17T00:52:11.947573,Ended,https://www.cv.mil.id/,Lab Komputer,304,28,False,True,2027-01-20T06:17:17.132235,2027-01-17T10:36:00.643297
event-141,lembaga-11,Exhibition Cloud Computing 1979,"Impedit voluptates fugit blanditiis nemo minima aspernatur ratione. Fuga non eius numquam aut qui maiores. Suscipit quisquam iure laudantium.
In hic culpa sit ea laboriosam. Enim vero officia voluptatem.",https://placekittens.com/800/600,https://placekittens.com/1200/800,2027-02-15T05:09:27.401123,2027-02-18T17:57:10.226365,Ended,,Lab Komputer,313,95,False,False,2027-02-04T20:19:02.385729,2027-01-16T05:09:27.570295
event-142,lembaga-8,TechFest Data Science 1981,"Dicta voluptatem deleniti occaecati. Officia possimus laborum vero. Amet nulla officia omnis quidem.
Dignissimos consequuntur odit neque. Perferendis ipsum eum officiis beatae pariatur. Beatae odio libero in.",https://placekittens.com/800/600,https://placekittens.com/1200/800,2027-02-19T07:54:33.271845,2027-02-21T00:13:32.567754,Ended,,Aula Utama,198,44,False,False,2027-02-16T10:39:20.303092,2027-01-20T07:54:33.279791
event-143,lembaga-16,Exhibition Cyber Security 2013,"Impedit expedita maiores consectetur. Voluptatibus excepturi enim aliquid repellendus. Quibusdam laboriosam quam nulla hic minima ut.
Modi soluta velit. Tempore culpa expedita quod voluptatum.
Fuga dolores odit quisquam. Vel veritatis maxime totam iusto debitis at.",https://picsum.photos/800/600,https://picsum.photos/1200/800,2027-05-26T09:27:51.631285,2027-05-27T05:44:31.877503,On going,,Aula Utama,85,32,False,True,2027-05-20T16:50:06.601346,2027-04-26T09:27:51.258074
event-144,lembaga-3,Competition IoT 1979,"Rem deserunt aut. Exercitationem nihil iure natus consequatur. Ab labore assumenda commodi eos deleniti.
Vero reprehenderit occaecati aut. In facere earum enim atque excepturi omnis. Distinctio aspernatur quae quo quidem.",https://picsum.photos/800/600,https://picsum.photos/1200/800,2027-07-30T06:48:47.866846,2027-08-01T12:03:41.549379,On going,,Gedung B,96,49,False,True,2027-06-18T12:01:45.907930,2027-06-30T06:48:47.396584
event-145,lembaga-9,Exhibition Cyber Security 2024,"Important help entire worry event administration. Eat show around make yard catch. Bar market century forget.
Garden but opportunity experience score election. Just should forget answer series friend your room.",https://placekittens.com/800/600,https://dummyimage.com/1200x800,2027-01-12T14:05:00.071579,2027-01-15T07:06:27.329730,Ended,,New Zachary,379,97,False,True,2026-11-26T21:39:29.496316,2026-12-13T14:05:00.760341
event-146,lembaga-2,Bootcamp IoT 1974,"Human easy task enjoy well recognize. Leave friend something herself meet.
Growth work or bank picture thank cell. Let thought which research.
Cost foot four great here. Event Mrs different its parent old car. Soon physical product.",https://placekittens.com/800/600,https://placekittens.com/1200/800,2026-11-28T01:30:03.646923,2026-11-30T04:47:08.959003,Ended,http://www.pt.sch.id/,Aula Utama,237,5,False,False,2026-10-17T18:06:52.019768,2026-10-29T01:30:03.441109
event-147,lembaga-6,Hackathon Data Science 2001,"Dolore tempore similique placeat necessitatibus dolorem. At aspernatur quis sed deleniti nostrum.
Laboriosam fuga fugiat distinctio quibusdam est ea cupiditate. Itaque non quibusdam nesciunt. Voluptates perspiciatis vitae voluptatum.",https://dummyimage.com/800x600,https://picsum.photos/1200/800,2027-06-07T13:28:47.250408,2027-06-10T03:51:55.207574,Coming Soon,,Online (Zoom),451,4,True,True,2027-05-04T11:27:10.691272,2027-05-08T13:28:47.388174
event-148,lembaga-20,Conference Data Science 2014,"Effort author able this. Possible open lot again.
Education go life describe daughter best.
Next avoid child will human. Wall from reach with million product together.
Trip effort find perform range continue assume work. Guy book before into. Article show drive realize design audience.",https://placekittens.com/800/600,https://placekittens.com/1200/800,2027-07-19T06:53:19.570050,2027-07-19T15:54:03.650886,Coming Soon,,Ruang Seminar,190,55,False,False,2027-05-31T02:42:12.836571,2027-06-19T06:53:19.868593
event-149,lembaga-16,Exhibition Cyber Security 2020,"Model ten early pull.
Suffer guess style issue clearly local. Whether kitchen though.
Among card cover.
Worker right explain but close door. Natural four establish point.
Drug PM sing commercial billion best base. Mean he way finally card agreement color.",https://placekittens.com/800/600,https://picsum.photos/1200/800,2026-10-11T23:56:01.883658,2026-10-13T23:50:44.243555,On going,http://goodman.com/,Lab Komputer,349,6,False,True,2026-09-18T14:45:53.442146,2026-09-11T23:56:01.280283
event-150,lembaga-19,Bootcamp Blockchain 1980,"Magnam exercitationem accusantium aspernatur repudiandae. Ea non modi similique maiores eaque ipsam.
Doloribus repellendus asperiores animi. Laborum quaerat dolorem sequi.
Praesentium numquam dolorem doloribus dolorum nisi. Animi dolorum facere.
Error culpa fugiat alias voluptatum dicta sit odit.",https://placekittens.com/800/600,https://placekittens.com/1200/800,2026-08-02T07:59:03.270334,2026-08-03T16:02:34.487594,Ended,,Aula Utama,429,32,True,False,2026-06-26T05:55:19.869632,2026-07-12T09:48:18.534801
