id,event_id,user_id,position,division,description
445bfc47-39e1-4f73-96af-c92a093ccf56,event-44,user-76,Bendahara,Acara,
a5cb6622-c38d-42f1-9476-c29a74e74ecf,event-138,user-93,Staff,Dokumentasi,
2506a2de-37db-4ec7-848b-9f41cc357f85,event-13,user-32,Anggota,Konsumsi,
c6cb4851-fe72-4793-b15f-205f2917567c,event-40,user-90,Staff,Dokumentasi,"Reiciendis inventore sit minima itaque libero explicabo. Odit dolore molestias libero illum exercitationem.
Amet quae occaecati. Ratione modi tempore soluta dolor a. Commodi aliquam voluptatem."
993d8f8b-5980-47e2-acfd-7ca971acf334,event-1,user-91,Koordinator,Keamanan,"Recusandae sequi eaque possimus. Ipsa consectetur omnis illo. Placeat facere corrupti reprehenderit.
Tempora maiores in ducimus totam."
dae3d0a5-748d-46f9-a700-1b69160f5d42,event-142,user-23,Koordinator,Transportasi,There offer state. Treat start record both memory attorney. Maintain product drop remain word or role huge. Order three former approach measure side.
4481b1aa-dc34-4e48-90a4-6680ab987a2c,event-109,user-30,Ketua,Konsumsi,
962c6bba-414e-4aaf-af44-97eca4b6637f,event-51,user-36,Staff,Humas,
888396b1-450f-4432-b88a-d4e79edd7f16,event-99,user-76,Anggota,Keamanan,"Town TV also me. Produce office tend how same. Rather hand front probably beautiful. The student shoulder establish newspaper later.
Great drive sort according lead."
14afbe69-7607-4345-90d9-5739574eab5f,event-55,user-92,Koordinator,Humas,Enim ipsum voluptatibus molestias repudiandae.
a636d786-cb9e-4364-8153-574fb5508eb9,event-93,user-93,Koordinator,Humas,
36280b4b-7122-4939-8831-baa312d77cee,event-58,user-82,Anggota,Perlengkapan,
7f7bfcc8-3eed-435c-9deb-069d70d46b32,event-90,user-80,Sekretaris,Konsumsi,
7e08eed0-7622-43f1-8f05-3062c1bf30b9,event-106,user-29,Anggota,Dokumentasi,
0c45cae5-5ba2-454c-bdc8-97e34afbfa56,event-135,user-88,Bendahara,Acara,
91169745-ee93-4af3-a100-cf842244f3e5,event-148,user-35,Sekretaris,Keamanan,Eius illo cupiditate nulla consequatur numquam itaque. Possimus perferendis error qui. Minima deserunt neque.
55c68cea-8016-4b19-a3a1-7b46d13fe615,event-72,user-24,Bendahara,Konsumsi,
3cd16234-6291-4db7-9b3e-12f7c205d68d,event-94,user-100,Staff,Dokumentasi,
29a06198-7cac-471c-a0ea-9978d3983a8a,event-149,user-80,Staff,Humas,
199ff927-c64c-4c11-938e-c1ee8241bfd6,event-53,user-56,Staff,Perlengkapan,Quis perferendis eveniet laudantium sunt deleniti. Illo illum magnam velit animi quasi dignissimos.
5a799983-c941-42cc-969a-0437971b6fe2,event-85,user-50,Koordinator,Konsumsi,Optio totam vel minus totam. Aliquam rem molestiae ullam repellat. Nulla eligendi error culpa dolorem sed.
3b103b38-b416-4410-9f2a-eda7ca2e2eda,event-93,user-75,Bendahara,Keamanan,Sit season majority trial. Actually all should approach loss describe figure southern.
98382a81-fc92-499c-a34c-5787bece6391,event-99,user-71,Anggota,Keamanan,
3c5bf760-efd3-47a5-8c7a-6356e022966c,event-95,user-38,Sekretaris,Transportasi,
8ee7ba2f-2f23-4512-80ad-3024f969b5b4,event-66,user-85,Ketua,Transportasi,
d4d9506f-887a-4d51-8cac-4af3c32744aa,event-74,user-37,Wakil Ketua,Dokumentasi,Iusto necessitatibus itaque temporibus assumenda. Neque commodi dolore consequuntur quis veritatis.
889f660c-a7f1-4278-89e4-9b20d5e36938,event-27,user-97,Ketua,Perlengkapan,
451c732e-9f0a-4d07-88e4-ccf5556d2615,event-142,user-59,Sekretaris,Transportasi,
7f973f43-3419-45be-a336-98c8a855e4bd,event-12,user-92,Bendahara,Dokumentasi,Deep international watch. Mission value hotel top relationship by official quite. Young decision hotel table.
21ead016-983e-4ef6-9e07-542c4034c502,event-81,user-88,Wakil Ketua,Humas,
b75bad1b-e7d1-4a31-8564-76ca45ceb91d,event-24,user-64,Wakil Ketua,Acara,
45aaf610-edab-443f-8da9-06c0530df815,event-104,user-76,Anggota,Konsumsi,
3a52c1a3-928c-4586-95ba-f8f113256d0f,event-145,user-36,Koordinator,Acara,
0b76abb5-e7ac-4ddc-a7b9-8ce0632e5055,event-146,user-92,Bendahara,Dokumentasi,
4e669698-078a-4a2b-aae1-3a440cf153fc,event-117,user-36,Bendahara,Acara,"Office piece anything senior know pressure tax. Add house particular.
Happy anything travel instead claim police.
Reason role north."
58f90228-7535-4727-88ac-e86aae6ab368,event-137,user-38,Wakil Ketua,Transportasi,Iste nihil deleniti rerum ab dignissimos. Autem explicabo maxime laborum quas laborum.
51792fe2-88aa-4dc1-99b1-20d38e0854e0,event-141,user-41,Staff,Konsumsi,
203753cb-aafb-4268-a06a-919d221b9d54,event-101,user-45,Bendahara,Acara,
d88b185b-4a4d-4351-9279-f26b7467069a,event-90,user-100,Wakil Ketua,Keamanan,
533cf467-0efb-4768-aaf4-1c856e800461,event-145,user-100,Koordinator,Acara,
5b9fba66-88ad-40b0-a4e9-168715575951,event-81,user-29,Staff,Humas,Buy moment respond none cost. Test hold son relate. Garden exactly to recently physical.
ac37e1a5-eeec-48b5-bfba-a7b266fd5d94,event-104,user-24,Bendahara,Keamanan,
78df2a2b-5064-4356-ad96-e9158b312be1,event-50,user-40,Koordinator,Humas,
925e5c62-888f-4763-993a-1a0ec19cefa9,event-59,user-95,Sekretaris,Keamanan,
6d81a981-7758-4d40-adb1-081ebc3f5c4a,event-119,user-89,Ketua,Acara,
633c0262-1fdd-406d-96f7-775496ae1605,event-67,user-64,Bendahara,Dokumentasi,
abc663a8-0d5c-452b-a378-2ba279cfa4c4,event-73,user-60,Wakil Ketua,Keamanan,
57cf8aac-7fc3-49c6-88e2-6e0cafb2e98f,event-73,user-48,Sekretaris,Dokumentasi,
2a274f10-a420-4aeb-9a96-f0d28c6e9ee2,event-5,user-46,Staff,Dokumentasi,"Nobis modi eveniet vero blanditiis officia molestiae. Eveniet omnis et ducimus et.
Aspernatur pariatur eligendi consequatur tempora eos quibusdam. Delectus architecto laudantium quidem veritatis."
1249a309-3304-46ca-8741-a578f0602c71,event-29,user-100,Anggota,Transportasi,
d94ca829-1279-4807-a10f-0a3911870d73,event-32,user-64,Sekretaris,Dokumentasi,
468c9e07-6524-48e7-b4f4-7c1f681437ed,event-105,user-37,Anggota,Konsumsi,
e7aa4320-6114-432f-ad83-25f93d049e72,event-139,user-68,Ketua,Humas,
7c122c15-9d77-4bdc-9827-cc1cecc64b69,event-4,user-45,Ketua,Dokumentasi,
d1484202-563c-4b38-85dc-f0a4e689c1a3,event-84,user-58,Ketua,Konsumsi,"Consequuntur maiores nemo consequuntur.
Quibusdam et voluptatibus voluptatum magni veniam repellendus. Rem ipsum non labore quisquam alias."
5c33add8-8dff-477d-9404-c9038cff2cfa,event-62,user-40,Anggota,Acara,
77550873-81e8-4d87-a960-bce2cbb0ffb9,event-39,user-84,Koordinator,Humas,"Perspiciatis nesciunt quae perferendis aut. Voluptas eum magni. Expedita sit accusantium quam eligendi quae.
Nemo aliquid esse at facilis neque."
12552db0-91cb-4fc1-8d38-629aae2785f2,event-147,user-95,Bendahara,Dokumentasi,Veritatis quasi dolorem architecto autem labore. Reprehenderit ipsam labore placeat.
6734a97e-4434-4570-819b-f0c0efe308e0,event-111,user-26,Wakil Ketua,Transportasi,
58f9c090-3fff-48dc-b8f4-c069c4fabc51,event-14,user-46,Koordinator,Acara,
5bf1181a-9f84-4acf-8b3d-12a245b063d0,event-79,user-92,Koordinator,Acara,
28749197-84f7-44c0-98db-2163c949ba8e,event-149,user-83,Anggota,Perlengkapan,Beautiful high relationship concern. Arrive edge heavy capital black help she. Respond artist skill race boy.
1b3993b9-9fb6-4fe9-a217-2619ccc1482e,event-30,user-75,Wakil Ketua,Konsumsi,
8dcac0ba-fc2a-4fcc-80f6-19c5653ce341,event-82,user-46,Sekretaris,Keamanan,
7bab5654-abef-4a2a-9e7a-aa538f810a8c,event-8,user-96,Wakil Ketua,Acara,
13feda29-ee34-49e8-89c3-c6bca114efbb,event-50,user-27,Sekretaris,Acara,
50e6ea01-d3cc-43f8-b717-00330f312fe6,event-44,user-50,Staff,Konsumsi,"Quam dolore eius exercitationem. Voluptate ratione aperiam quas. Facilis non ipsa ipsa.
Tempora vero praesentium adipisci deserunt. Accusantium ipsam ut officia consectetur accusamus."
e32571ad-0945-4545-8715-6a58d851d8f0,event-21,user-71,Staff,Transportasi,
88fb660e-bcb0-4624-8305-a5d3a47f9b50,event-2,user-28,Staff,Keamanan,Omnis eaque error mollitia assumenda quos maiores. Magni voluptatum exercitationem ratione culpa possimus. Sequi vitae aliquam ut.
bb9a78b2-52cf-4e62-80de-c08de4bbb7e2,event-98,user-45,Koordinator,Dokumentasi,"Enim adipisci expedita debitis labore neque tempore.
Provident hic tenetur excepturi. Voluptas vitae ex veniam vero. Dignissimos est ipsa laboriosam odit possimus numquam."
7315143f-672f-48fe-9dad-5e1f908d3d5b,event-138,user-90,Wakil Ketua,Perlengkapan,
0b7dc941-c497-4875-b0a4-1c8b39123253,event-9,user-85,Koordinator,Dokumentasi,"Camera six support. Establish herself practice. According rule position.
Available scene sport safe protect. Expert similar play night guy report."
48ee331b-f7cd-4306-91f3-b1ae7241c088,event-77,user-76,Bendahara,Perlengkapan,
391b415c-3a92-4bc7-aed3-f50d5eace2c5,event-80,user-50,Anggota,Dokumentasi,
ec46950b-6535-4fdd-a47b-638470bd711e,event-129,user-63,Anggota,Keamanan,Provident inventore placeat nihil odit. Inventore laboriosam iusto laboriosam saepe.
54e86e90-200a-4561-ad9a-7ce17d2c5a11,event-64,user-47,Wakil Ketua,Transportasi,"Society one sense particular least stop. Half situation accept wife firm firm interest.
Against next might year project. Deal require five tree few college. Three per avoid should."
a849e780-1967-40ab-b1e4-18910f56f089,event-32,user-38,Wakil Ketua,Humas,
431c15dc-a573-4fab-b4bf-67ef69e742dc,event-35,user-65,Koordinator,Acara,
d365cf33-f7b3-4ff4-8bb8-9ada4b37a8a4,event-102,user-58,Bendahara,Dokumentasi,"Per true size whole time seek hear.
Politics use door much crime. Expect understand evening magazine. Protect direction bring inside star start lead forward."
16e17524-a2d4-4024-a965-57dd6df3ea05,event-76,user-79,Sekretaris,Keamanan,
cbadb48a-e58b-42c7-b7e9-31c03b4d9700,event-1,user-51,Anggota,Perlengkapan,
a517651f-09cc-4efa-8e71-f08c1905f047,event-80,user-57,Koordinator,Acara,Dicta non atque neque assumenda iusto doloremque. Dolor maiores earum aspernatur earum dolorum.
72d54001-9513-46a1-badc-5fe5a38efc64,event-56,user-46,Koordinator,Konsumsi,Cupiditate vel quis odio sapiente voluptatibus. Voluptas cumque corrupti id. Aperiam omnis distinctio.
fb5c09de-d798-4c46-a9f0-a43c85ef3c53,event-25,user-56,Bendahara,Acara,
63ca493a-fe9f-485d-bdfa-de3b50dd3f40,event-68,user-82,Sekretaris,Transportasi,
469e7677-7086-4447-a95c-32beeaabc280,event-65,user-73,Staff,Acara,Pariatur vero amet ad perspiciatis ipsum nihil. Consequatur numquam delectus. Similique beatae maiores rerum libero nostrum distinctio.
3cc3da51-7c15-432a-ae91-4b0cbaea3024,event-42,user-77,Bendahara,Humas,Aliquid culpa esse. Quam voluptas iste in praesentium et provident inventore. Maiores ipsum quibusdam maiores numquam.
9ef145d5-7bce-49fb-abfe-794df4a6ffe4,event-118,user-74,Anggota,Perlengkapan,
64327249-86cf-408f-a64d-bf61a1e27f06,event-11,user-95,Bendahara,Konsumsi,
ad053b47-c331-45dc-986d-3fa6e1a367e1,event-140,user-25,Staff,Konsumsi,
de5ef6b4-efee-488c-9ffc-e85c1cb3a21e,event-100,user-80,Sekretaris,Dokumentasi,
9b7676b8-1e6f-4cad-81a7-f6054fa6b7d4,event-116,user-77,Anggota,Dokumentasi,"Source threat stay fear but heart. This hour rule answer huge.
Type American year show."
ed6669ca-e1ec-4d1e-91ac-32d668cea306,event-56,user-56,Staff,Humas,
a1b25e38-135e-4455-9899-a01ec8a81662,event-9,user-83,Sekretaris,Keamanan,
6945d2ff-e5b2-43f3-a0ae-ca56e48a42f2,event-95,user-43,Anggota,Transportasi,
5a1aeceb-fae8-49b2-8534-18c572f1dd35,event-70,user-43,Koordinator,Acara,"Side present end together growth enter politics executive.
Unit measure carry. Eye summer especially. Science phone fish change evening anyone."
bf051600-0923-4507-abdd-c2b01288c52f,event-24,user-37,Staff,Transportasi,Perferendis aut laborum consequatur quam sit laboriosam. Facere eveniet labore labore tempore molestias minima. Voluptatem optio recusandae ab dignissimos commodi quos et.
9b9be39a-883a-45b4-b414-ffcd4f1697b7,event-77,user-30,Staff,Humas,"Wish despite call same. Debate cup common identify deal threat environmental these.
Glass Democrat score learn speech. Close consider produce person adult. Similar myself any agency result."
9a577563-1f0a-4df5-80e5-bea99b656291,event-26,user-76,Staff,Konsumsi,
9dec1a4e-0e0b-4235-b885-8c8e4545c6b1,event-97,user-75,Koordinator,Humas,
b2c9cc29-4c04-42e5-9c9b-3d50ec3ca9df,event-99,user-23,Sekretaris,Dokumentasi,
a83da898-e7e1-4b7a-92b2-e34058f03a47,event-140,user-78,Sekretaris,Keamanan,
b5743588-d246-448a-9cd3-6bb980ebcb02,event-94,user-74,Wakil Ketua,Transportasi,
86c12d0c-5596-431d-ae52-5b7da9d0645e,event-92,user-92,Koordinator,Perlengkapan,"Possimus magni nam numquam hic. Illo expedita odio totam aperiam quisquam. Quasi quasi magnam praesentium.
Id voluptas aliquam eveniet alias blanditiis. Velit ea expedita."
b54c0172-8722-4857-9692-dcdc05d32762,event-41,user-74,Staff,Keamanan,"Minus iste eaque harum ad nihil fugit. Adipisci qui deleniti illo accusamus.
Quis ipsum dolorem nobis alias necessitatibus. Dolore assumenda error ipsum quo dolor. Officia a ipsa cupiditate."
8e5e7c0a-ee5f-45a9-a6ef-b8f875a4980f,event-60,user-27,Bendahara,Acara,"Create feeling them. Present man away smile someone person.
Off boy move less. Artist term nothing teach four staff.
Force social him husband admit trade. Key a front however community send."
a128fc4d-50f9-4537-856d-b09fb7736f73,event-79,user-71,Staff,Dokumentasi,Cumque perspiciatis beatae cum natus totam minus. Porro ex doloremque officiis modi dolores rerum ex. Facilis et vitae similique ipsum numquam deserunt. Officiis perferendis fugiat soluta.
d7b5b1a1-5958-4de7-803f-b218e70c9a0f,event-1,user-68,Bendahara,Konsumsi,
1f89adc1-5890-4e4c-a58c-022c22e7efa9,event-7,user-39,Staff,Keamanan,
ad1a3d72-b9b7-4eb7-a7b8-3097f1b00eca,event-102,user-64,Anggota,Humas,
ff6a9f8c-862c-4f7d-b1f9-5ea411e2a777,event-98,user-78,Staff,Acara,
77a3de48-ad5d-4b16-a042-bf9926ebe06e,event-33,user-23,Koordinator,Acara,Assumenda architecto sint aut hic animi soluta eveniet. Doloribus cupiditate facilis sequi repellat vero sit. Illo deserunt doloribus officia doloribus nam.
9de5262e-23c1-4237-ad0b-b1947d550c1b,event-76,user-39,Sekretaris,Transportasi,
b6446b8c-74b4-4563-87e9-689173827227,event-64,user-52,Staff,Perlengkapan,
f66a60bc-38ed-4dcb-84fa-820489f3d488,event-135,user-92,Koordinator,Keamanan,
cec4c523-2f3f-421f-babf-c2bef61025e9,event-49,user-39,Wakil Ketua,Transportasi,
28a61b62-b2f9-467e-811b-a2860c13cee1,event-88,user-33,Koordinator,Humas,"Worker green fill life. Risk authority sell consider.
Hospital institution in let establish her authority. Performance probably there development artist prevent soon. More contain everybody."
16a71d7e-bc21-45ae-bc03-fdcd0dc065e9,event-4,user-38,Ketua,Acara,
8f1812b0-b047-47fb-8f01-d7ed97e85f43,event-39,user-27,Sekretaris,Humas,
e9ad5357-eb76-4137-83e8-7e2e7da39c9a,event-136,user-31,Staff,Dokumentasi,
8067b8df-580d-4d57-91cd-45999a2d3f2d,event-26,user-62,Sekretaris,Transportasi,
b85b6f69-9a49-4e1c-84a9-5b2fc063e7cb,event-111,user-43,Bendahara,Keamanan,
b760f978-3635-4309-8c4f-d627bb620195,event-107,user-90,Ketua,Perlengkapan,"Cumque vel consectetur autem velit sunt.
Rem laboriosam quo quisquam sequi. Accusantium iure sit consequuntur. Accusamus rem cum."
3f2a40a4-e3b7-4df6-b7e4-f20700970211,event-48,user-98,Wakil Ketua,Transportasi,
a0c9ccfc-ce21-4b38-adbf-ed52d425999a,event-99,user-40,Ketua,Konsumsi,Prevent leg care upon. Laugh gas mention thus could its head. Already describe model.
86d123c0-cc80-4ebd-923f-3aacacae9dfd,event-75,user-32,Koordinator,Acara,
2be74dd5-9555-43e9-b75a-d3fdcd9c66be,event-65,user-67,Bendahara,Keamanan,
a619776a-0d94-45e3-b544-7839491fe397,event-15,user-86,Ketua,Konsumsi,Fast full feel just institution body difference describe. This even turn price. Rather industry despite process create sign.
96134fac-93f7-4985-8095-3fbc26d2e017,event-10,user-31,Bendahara,Acara,
6143ecec-239c-4cd5-8e41-63c769d060f7,event-138,user-61,Wakil Ketua,Perlengkapan,
