id,user_id,title,content,type,read,created_at,updated_at
59f35a13-3c90-47df-aa59-b00c9bd735bf,user-28,Amet minima ducimus perspiciatis.,"Himself wide have address write mother trade. Include write beyond these safe modern take.
Old apply capital. Thus he election room dinner manager. Listen girl week culture entire.",Association Request,False,2025-08-17T07:40:19.821302,2025-11-20T17:39:07.580959
fc7defe2-1f9a-4a87-a331-a4564ebd93fb,user-9,Debitis libero voluptas nobis sed nostrum.,"Space church agreement send fund book. Scene together wonder leg hold again experience. Room important like door.
Large amount behind can art worker position. Team away collection.",Association Request,True,2026-07-14T08:44:40.388052,2025-09-28T13:28:37.484995
e86bba68-2daf-45a8-bb34-6227d375fc46,user-90,With at with side test themselves.,Natus esse iste ipsum odit. Eligendi repudiandae numquam voluptatem aspernatur natus. Sunt enim aspernatur voluptates quaerat maiores.,Association Request,False,2025-08-25T15:59:34.563094,2025-10-16T07:35:11.249966
67363b89-ac1f-4132-b5fe-73765f4b40cd,user-90,There they parent field his base.,Notice debate since reduce matter sister water. Range the smile view level. Partner character sign.,System,True,2026-07-30T13:44:36.725833,2026-04-15T14:32:34.707592
56b79c50-ca28-481b-9ceb-f5edf2f1a40a,user-86,Benefit car so.,"Facere ratione ea esse.
Odit quod quas esse error. Placeat eaque voluptas quaerat.",Association Request,True,2026-03-01T14:35:49.292061,2026-07-31T18:41:55.431609
fc08a6a6-57e9-4538-a963-2aa8177f2161,user-81,College eye economy develop.,Bring art poor law part. Stock would administration evening information data than. Difference available young make meeting talk ability.,System,False,2025-12-07T11:22:47.828747,2026-03-03T10:16:42.767816
3b6ba69a-3cc1-4c25-8927-1dd0afb56287,user-95,Asperiores voluptatibus perferendis optio.,Necessitatibus iste repellendus excepturi vel quis aspernatur. Excepturi impedit blanditiis et hic. Inventore illum sed culpa.,System,False,2026-01-31T14:26:31.244505,2026-03-13T19:25:11.233965
43e73e1f-1864-4fba-b10d-46c646445ffc,user-55,Sapiente eum consectetur.,Distinctio labore dolorum blanditiis repudiandae fugiat odio. Ipsum minima saepe enim beatae. Velit adipisci tempore neque voluptatem mollitia placeat.,Association Request,False,2026-04-02T00:36:44.401654,2025-08-11T18:12:08.258023
5a3c97bc-3147-464d-a783-275e003467c1,user-15,Natus maxime maiores.,"Assumenda hic explicabo ipsum tempora eveniet vitae. Repudiandae ut culpa dolore explicabo magni.
Est ad neque.",System,True,2025-09-22T07:03:28.299858,2026-07-24T18:34:06.925832
d772f9de-4573-497f-be37-af851cf3f012,user-21,Consequuntur quasi ipsum consectetur odit.,Million market consider dream. Note evening thing life control difference cup. Nothing safe down fill five accept example.,Association Request,True,2025-11-12T12:08:52.597893,2026-03-21T03:15:37.032916
bf31b592-a9aa-434e-a063-0c8014fcda18,user-47,Wonder phone expect source kitchen foreign.,Quibusdam neque deserunt voluptate. Odio nemo fuga est placeat. Ratione sunt tempora laboriosam cumque aliquam. Ipsum assumenda quos officiis officiis accusantium.,System,True,2026-07-29T01:21:28.505807,2025-11-22T12:59:00.514457
8135b7bd-4c9d-456a-81d7-8f0cc4fbc324,user-43,Like big above.,"Fugiat nisi praesentium. Odit voluptatum minus.
Suscipit sit velit voluptatum. Debitis facere assumenda quo vitae asperiores minus.",System,False,2025-09-05T07:23:47.826634,2025-12-28T12:45:33.393872
27b5bb54-69b4-4b74-9f88-dec2a5ebb079,user-33,Provident a numquam eligendi.,"Libero fugit odit sed necessitatibus ut reiciendis exercitationem.
Deserunt consequatur eveniet occaecati asperiores quia atque ex. Magni culpa vitae voluptatum quae necessitatibus.",Association Request,False,2026-01-01T17:39:59.205569,2025-11-05T10:33:37.492132
622dc200-90cc-4500-9e12-57824a10e24f,user-84,Necessitatibus odio cum.,Garden country song no glass. Political attack understand. Situation rest debate herself.,System,False,2026-02-02T19:25:52.143135,2026-01-12T01:57:50.610823
c3d9ca3c-1710-4eec-aff8-1a7f1aa34560,user-13,Laborum inventore quae molestias.,Placeat tempora sapiente laborum totam. Ab culpa exercitationem expedita enim esse. Architecto voluptatibus enim ipsum error eligendi fuga. Quam voluptas illo quia nihil sint.,System,False,2026-01-02T12:25:55.812809,2026-06-15T05:19:34.036884
01617392-13a8-48f5-9944-68c09becab8b,user-85,Itaque unde consequatur nemo eaque.,Street mission fast hard service. Surface west avoid model adult after get move. Term population bring check run grow thus style.,System,False,2026-01-26T02:49:37.552771,2025-08-20T20:52:08.207427
9cf75529-49fd-4fa7-bd63-360d9fa532c9,user-98,Provide total message answer first.,"Tell enjoy throw seek government subject.
Course quickly audience hotel help important. Save how might let term.
Action yard body move. Line thus under example result say pressure.",System,True,2025-12-18T13:32:52.485628,2025-11-19T15:28:59.707384
fed830d4-226b-46bb-aaf0-561ac54a7e0f,user-72,Quaerat velit quas non id.,"Inventore dolor cupiditate eum. Odio delectus cum reiciendis aspernatur saepe natus.
Quod omnis a accusamus deserunt maxime.
Vel eaque veniam dolor incidunt placeat. Eius qui quae sequi.",System,True,2025-08-17T14:05:56.844370,2026-04-02T01:22:03.066884
c722fbba-8725-4736-8650-a741bd6272c3,user-14,Else interest more table southern.,"Serious set in wear speech name join life. Watch firm might employee fine stand.
On marriage small standard else interview every size. Watch player nothing crime cover example.",System,True,2025-09-18T20:22:05.075445,2026-07-28T08:57:01.895819
98c477eb-2b8d-4477-9f70-a35d2a91d2b2,user-74,Lead bit difference.,"Group commercial full seat.
Be left artist player factor yet perform. Fine seven stock assume.
International reality science. Feeling ok morning total experience. Body of tax since ever college data.",System,False,2025-11-30T13:57:01.936474,2025-10-03T09:55:49.360980
5321a424-a387-4901-b50d-f77ef79f0fb7,user-95,Nisi repellat veniam a nulla nemo.,Join take look break drug trade. Rule necessary project college use speak believe.,Association Request,False,2025-09-13T21:20:24.422322,2026-02-03T22:33:12.103348
d71d0e90-eaf5-492a-8fef-15b0066f9016,user-18,According still body employee.,"Quae voluptatibus sed quam nam. Assumenda aliquam nisi maiores. Neque saepe quas consectetur architecto.
Voluptas magnam quaerat corrupti quidem ad. Dignissimos vitae dicta vitae soluta.",System,False,2026-07-26T09:02:13.862197,2026-07-29T15:45:48.054744
55d17de9-2efe-4223-9ffa-3db89ea3e39c,user-54,We me situation enter city.,Nobis eveniet soluta consequuntur pariatur. Quibusdam minima voluptatibus aut. Adipisci nostrum dolorem. Ea commodi vero suscipit doloremque esse ullam.,System,False,2025-11-26T06:28:48.525961,2025-10-10T05:21:11.000662
66d74e1e-b43b-485d-8d0b-5e0d3c14a0e1,user-97,Sapiente beatae asperiores minima officiis.,"Pick work ever exist. Very black fact. House anyone success consider summer similar value.
No couple there describe. Fill production around spring new media guess. Into alone Congress interesting.",Association Request,True,2025-10-14T23:50:35.512378,2025-08-29T02:14:19.224448
e8844043-3e67-4be3-87ee-0c2031ee9a1c,user-49,Consequuntur vero totam officiis error.,Ad perferendis modi libero. Doloremque qui veniam dolor asperiores vitae tempora.,Association Request,True,2025-12-19T17:56:19.968966,2026-05-20T06:36:26.728668
25412845-970b-4d3c-b8c3-474c58e4c793,user-13,Cumque dolore necessitatibus vero.,Consectetur at sapiente porro a doloremque. Rerum quae saepe accusantium rem delectus. Esse perferendis consequatur nisi error placeat magni delectus.,System,True,2025-10-01T18:43:40.017019,2026-04-06T15:58:35.310798
a001da43-6ceb-4d90-a835-b82277e5e76f,user-51,Determine international firm north sometimes.,Themselves fact year area industry. Person visit hard sense health democratic. Should deep air three two end bank. Must door local various however become southern.,Association Request,False,2026-02-16T22:22:11.785852,2026-02-18T02:54:08.355877
493d34f8-94f9-4f49-ae8a-fec6b2238617,user-67,Sunt accusamus inventore consectetur.,"Determine film pass case worry. Data education election to cold everybody.
Series consumer before know southern either me. Political according draw you push. High your music.",Association Request,False,2025-12-12T00:27:04.753138,2026-05-29T21:41:26.765843
b3201852-fb73-4453-b375-7785908bb810,user-39,Window himself apply civil.,"Hand quickly brother then near. Upon hotel show.
History itself could president. Yard politics use bring hit end history. Former truth within he quality.",Association Request,True,2025-11-08T21:07:40.483761,2025-10-22T13:54:33.129009
b9ad8311-d87e-4712-9be0-af7ef40d42a5,user-95,Repudiandae libero cumque quo fugit rem.,"Dolores corporis ullam id asperiores magnam.
Aperiam dolor necessitatibus libero. Aspernatur dolores aspernatur quasi.",System,False,2026-02-23T19:42:42.674425,2026-01-18T18:33:08.742121
40277064-25d4-4a3f-aeb4-45791a507afd,user-80,Expert may accept simply traditional.,Because six everybody early me. Energy can month miss low second full. Front central near away field until can state.,Association Request,False,2025-10-24T15:13:48.727816,2025-10-02T15:34:50.713935
8b089148-35d1-409b-8277-755be1d2e6d3,user-59,Walk religious choice.,"Scene include already edge old tend. Way on fight hour ten. Four big seek all black example me.
Him job south her agreement one. World modern should fund huge second Congress. Full pull common agent.",System,True,2025-10-22T00:22:56.912845,2025-12-05T16:30:06.624002
52ebcc5e-07a3-4aa0-b0cf-aeac58c759f8,user-11,Nisi deserunt voluptatum minima odit.,Fuga libero architecto mollitia totam dignissimos. Accusantium incidunt accusantium voluptates. Magni aspernatur neque rerum doloremque magni.,Association Request,True,2026-01-03T15:05:06.247480,2025-08-12T07:24:54.126876
afa54df3-febe-41e7-ab69-1aa03c5b87e4,user-98,Occaecati eum debitis sunt id perspiciatis.,"Other nice worker structure skin fall tax. Teach ok would program.
Social edge test allow. Prevent sort build eight edge. Yet try seat health which respond big federal.",System,False,2025-11-24T11:40:41.674406,2026-08-06T21:37:59.601102
44d96f20-4ca6-4534-b277-6fe99a44efa1,user-26,Much price allow until election run.,"Natus tempore et. Dicta quam voluptatum molestias delectus fugiat molestias.
Eum in in cum reprehenderit voluptatum illum. Soluta harum tenetur tenetur. Aliquam asperiores maiores debitis cupiditate.",Association Request,False,2025-09-11T00:09:23.872668,2026-02-18T17:02:30.083854
5a3a4f6d-b1ee-4c1e-b2e0-aeffbc3fc68a,user-97,Rem laboriosam earum incidunt.,"Autem reprehenderit eaque. Provident tenetur eius aut nostrum atque.
Dolor est optio perferendis. Ad illum numquam delectus. Incidunt maiores maiores quo pariatur asperiores numquam.",Association Request,False,2026-03-31T14:28:30.103405,2026-05-05T01:04:46.700334
3018f67e-10f3-409c-a133-949f193dd1b5,user-38,Ab vero hic consequatur ratione itaque ipsum.,College nice me give. Few before view as perhaps available national. Head piece million choice.,System,True,2025-08-27T11:55:55.349767,2026-05-27T18:03:21.143288
1ee46397-8228-45ad-b30e-b37aa166e7f8,user-73,Drive wear meet apply various could.,"Velit recusandae vel porro officia culpa. Tenetur cupiditate eaque repellat. Delectus maiores magni eum.
Necessitatibus aperiam accusantium porro eius omnis expedita.",Association Request,True,2025-11-20T14:13:52.294997,2025-09-19T03:28:02.374511
0be28624-b112-4a4d-9f2b-7a2c3408bbe5,user-54,Kid easy avoid.,Fugit quaerat molestias modi ea rerum sapiente. Aliquam nam ab ex illo. Itaque perspiciatis in aperiam.,System,False,2026-07-16T00:23:51.186579,2025-11-02T14:28:35.813059
e95fa428-0620-4bb7-8dea-2eb94be61957,user-40,Production in figure according control interesting.,Odio aut consequuntur iusto eum aperiam. Provident amet excepturi ipsam commodi aperiam ipsum. Atque ipsa dolorem sequi. Animi nisi tempora natus cupiditate cumque quod beatae.,Association Request,False,2026-03-30T19:35:19.124743,2026-03-31T13:25:51.446407
7e6b40bd-a9d6-435f-8a89-6280db2350ab,user-6,Ab in officia sapiente.,"Side right data. Own new themselves purpose sense evidence relationship.
Firm audience know through society item.
Arrive development subject create report should.",System,True,2026-05-04T08:45:53.823253,2026-02-25T04:56:48.043655
cafb097b-a96d-4065-8fe9-75bd4d3613f0,user-86,Doloribus sint vero consectetur iste.,"For southern forget share around. Toward around weight speak church. Effort Mrs officer yourself.
Generation offer month wide cause. Top man dark health seem. Paper my student the century.",System,True,2026-07-31T15:35:37.487868,2026-01-25T17:36:41.341862
0a011d54-402a-4e09-9b8f-1c9dff76a524,user-47,Five shoulder capital decision floor bag.,Sister the mother agreement spend. She become ever service public end behavior. Policy prove pick go couple kid administration. Matter cover identify return.,Association Request,True,2025-11-06T22:15:33.031285,2026-03-16T05:02:31.885761
4dacf9fc-be9e-44df-941d-4beaa87138cf,user-14,Subject night begin.,"Along until argue seat society might.
Send worker my artist. Both grow great night nation. Business particular partner itself century.
News candidate audience begin. Social determine peace indicate.",Association Request,True,2026-08-01T11:05:27.452308,2026-06-23T00:33:29.403065
c640c1b7-0697-4078-bbaa-c3110b52f40a,user-69,Friend his score throw.,Both guy away cause can write stand. Fact information lawyer become property science white. Sometimes soon approach raise remember officer subject. Relationship phone day theory book stand thing ok.,Association Request,True,2025-12-08T21:48:51.119590,2026-07-03T06:53:25.791453
26d923a1-a895-4069-8454-4bcc5e8fac2a,user-76,Pressure food attack.,Tend result side trouble commercial hard say. Anything laugh say your room view sort head.,System,False,2026-02-19T06:00:17.741378,2025-10-09T00:52:05.238896
1ed3a1f7-41b8-40f7-a486-80f01f923c34,user-26,Quaerat totam ea dicta ipsam eaque.,"Professional will compare animal sea per. Him since body different else wrong office.
Something including consumer kid agree meet nature. Energy enjoy through student issue town.",Association Request,False,2026-07-05T04:34:51.672179,2025-12-01T12:46:21.020519
f4eb3bf4-7131-44e1-82f0-f9c54090dc10,user-23,Aliquam maiores at porro.,Consectetur quasi sapiente tempore. Aliquam similique libero quidem voluptatibus. Non voluptatem id sapiente voluptates.,Association Request,False,2026-05-14T19:42:31.111575,2026-05-29T23:17:18.925892
dcb9543c-9b39-44c0-896f-6a2f0d1949b5,user-67,Minus officiis iste libero laboriosam.,"Debate expect key manager. Upon fast whom change.
Take their close. Clear near future community. Season night career purpose buy.",System,True,2025-11-16T01:33:26.711373,2026-01-30T22:22:45.992079
6edb7fbe-a61b-42cb-a446-8900df5e7d9b,user-91,Watch avoid involve.,"Soluta natus laborum nam aliquam odit aspernatur. Animi pariatur id voluptas earum. Ad voluptatibus perferendis sed libero.
Vel quos iusto esse. Exercitationem atque accusantium consectetur.",System,False,2025-08-22T10:25:24.197187,2025-10-15T04:19:47.713171
85576ff9-92f4-4550-9c6b-02d6f76db303,user-42,Ipsum saepe inventore.,You tonight official toward another appear despite. Leave coach any account. When degree fly bed finally arm social value.,System,False,2026-01-23T01:52:21.002982,2026-02-16T21:46:12.786644
eedde87f-e733-4c69-a3ed-83003048896a,user-14,Officiis quaerat inventore eveniet cupiditate unde.,"Velit beatae minima ad ut. Officiis esse eveniet. Officia ullam beatae nam aspernatur ipsam.
Iusto laboriosam distinctio itaque fugit quasi. Placeat illum natus. Doloremque fuga vel.",Association Request,False,2025-11-30T08:31:02.628081,2026-07-23T13:57:17.683285
22e586f5-1a5b-4ecc-827f-ccf7606ebd9d,user-50,Agent throughout here fast card page.,"Once free role light boy. Identify what someone fund general each. Population deal again require small.
Sport process year share view. Practice fire travel commercial boy whom site.",System,True,2025-11-01T23:30:34.010039,2026-01-20T09:11:13.175291
99a000c7-2167-49c8-ae0a-fd93b52a09bb,user-30,Rerum consequuntur impedit magni.,"Eum veritatis cupiditate molestiae corrupti repudiandae. Nobis ipsa corrupti.
Asperiores eum rerum facere quia. Nemo praesentium minima numquam. Tempore doloremque vel quas perspiciatis.",System,True,2026-07-28T16:26:36.191900,2025-12-21T19:22:59.439672
71091122-9819-4357-9853-6d29ffe619f8,user-57,Example fly peace performance.,"Mr understand heart. Huge value indeed soon matter consumer.
Local call now dark believe. Money personal executive kitchen.",System,True,2026-05-17T19:13:57.203608,2025-10-08T16:57:09.185563
023ea0b7-a188-4e32-8438-ddd9690e85cc,user-24,Head myself organization take.,"Commodi asperiores aliquam. Voluptate mollitia earum rem necessitatibus quia fugit.
Ullam nesciunt sunt odit autem totam ullam. Natus quidem quasi nihil minus. Corporis cupiditate ipsa quidem quo.",Association Request,False,2025-11-05T21:47:18.012963,2026-01-02T00:28:34.163066
9d03e824-6e9c-4fa9-b8dd-367a1c8f436f,user-8,Provident dolore doloremque veritatis.,"Magnam placeat maiores eveniet. Facere qui ea mollitia odit maxime.
Expedita sunt natus. Quaerat fugit a architecto iusto inventore consectetur. Quaerat accusamus incidunt ipsum.",Association Request,True,2025-10-17T21:03:50.007686,2026-03-06T15:38:58.409718
8c41119e-0154-420e-87b0-c6519a32459f,user-13,Magazine seek space prove room.,"Both likely daughter for final.
Whole while affect organization. Ask scene soldier figure coach name Democrat. Case money small.",Association Request,False,2026-01-08T02:40:03.347217,2026-04-10T21:17:12.117696
ce4dce95-1d9a-4788-af5b-927aa881febe,user-64,Career material thank according.,"Such step especially realize west section entire doctor. Career would week last whose of factor. Fact young base would family enjoy.
Management hair federal reveal writer. Themselves their report.",System,True,2026-03-04T12:29:29.032328,2026-03-31T00:32:57.465884
70f3f217-69f4-47cd-88bf-1b55ade25eb0,user-3,Station technology cell remain.,"Provide keep him example. Brother want everything civil nearly price.
Tax the central follow. Just certain go friend decade visit. Our performance only although red always.",System,True,2026-05-17T14:06:29.400729,2026-05-17T21:18:10.836394
0a36f254-1fbe-4240-ab3b-07daeefe5b21,user-42,Religious truth rest someone past.,Saepe hic harum adipisci. Iusto maxime excepturi voluptates vero quis optio. Repudiandae sed harum quam vitae.,System,True,2025-10-14T09:38:01.858222,2025-09-21T12:26:41.083206
a4b669b7-848d-4bad-9d99-8d1cc1f011ee,user-89,Marriage different bring.,Odit officiis tempore animi. Aspernatur fuga laudantium voluptatum nemo laboriosam dolores veritatis. Repudiandae quas pariatur aut.,System,True,2025-11-18T07:21:32.051311,2026-06-13T05:13:15.048537
20373eb0-8706-43ef-9e00-17d9b00015e6,user-95,Asperiores alias asperiores maiores eius placeat.,Issue street opportunity word than newspaper. Talk once determine ball money decade project. Nor condition crime writer open.,System,True,2026-06-11T21:28:36.159329,2025-10-26T20:27:01.085365
86df5b59-7e9f-4cdc-9f4c-e5ba1b037c8b,user-24,Edge pick series television.,Itaque vel officiis amet. Occaecati aperiam nulla quae mollitia velit. Fugiat eligendi porro consequatur.,Association Request,True,2025-09-07T11:06:03.824558,2026-06-01T09:29:38.759439
5bfb5402-76a9-41e5-8051-81c73e94a372,user-87,Quia quaerat ipsam quos excepturi.,Fugiat sit repellendus voluptas ipsum adipisci. A et tempore. Sed in dolor at. Similique eveniet provident quisquam cum eos saepe.,Association Request,False,2026-02-27T15:34:46.326175,2025-11-12T13:08:36.930906
6ebeb72b-a2d5-48ac-b0c3-9ccc1f34de7e,user-10,Nothing institution happy note.,"Vote almost executive. More nation must. Issue he mind camera claim respond best.
Color tough manager daughter old song. Share writer from let else computer television.",System,False,2026-07-15T07:19:01.655462,2025-11-09T00:39:44.962367
dc390790-71e7-4409-9622-570b80f54c29,user-63,Republican investment plant standard.,"Opportunity action be ball avoid. Tv write not night.
Hope military medical find hand. Local language sing front experience body. Modern former three where sure small fly.",System,False,2025-12-16T11:41:03.296968,2026-06-11T21:30:48.780652
c5589a18-282d-4347-8fda-a991264cd01f,user-63,Laudantium aliquam assumenda harum quisquam dolor.,"Development fight begin close church. Type society south amount.
Interest store thank tax always. Contain bank traditional cold news unit. Series line seek.",System,False,2026-01-21T11:44:28.378811,2026-01-12T18:26:39.361936
858f1002-44bf-4232-b4b1-5eea6022a988,user-70,Remember eat arrive wish brother garden.,Autem sapiente natus architecto aspernatur ipsa. Consequuntur minima molestiae hic excepturi asperiores amet.,Association Request,True,2026-02-11T15:43:51.598420,2025-09-16T10:36:03.054937
d2b61d83-d837-4e38-b412-8b8a8e7ce711,user-66,Inventore ipsam sequi.,"Half customer attorney imagine forget. Talk charge measure media behind. Grow cost significant director everyone meet race.
Assume leg down month. Sell than believe why tend south.",Association Request,False,2026-05-29T04:51:59.821331,2026-03-26T04:39:49.704576
73f5a505-1ab2-491c-8d6b-103bb497c3c9,user-43,Vel soluta quae eos occaecati modi.,Remember wait interesting decide feel investment choose if. Want street activity paper.,Association Request,False,2026-07-09T04:18:11.083884,2026-03-16T19:18:50.961025
8011b8b3-0a66-4796-964b-1352c734bcf4,user-2,Thought work food not forward room.,Reprehenderit eligendi ab. Quaerat quaerat autem voluptas.,System,True,2026-08-08T09:12:46.017153,2026-02-09T14:14:46.778129
83d73cd3-dc5d-4ef8-b13f-f2620678ddc7,user-82,Dignissimos reiciendis minus.,Finally wide fund under occur. Media necessary visit term decision system. Project lose building agency.,System,False,2026-07-17T18:04:25.261627,2026-01-02T21:18:00.551917
11c60ef9-4c29-46c0-bd17-8bb2e2a75105,user-35,Against yes number positive.,Station partner summer he toward management. Establish across station. Often east recent education type throughout.,System,True,2026-05-01T13:18:00.023615,2026-08-03T10:40:32.194027
c1191d46-6910-4a1f-ba93-4b219b8f0e98,user-75,Score quality work present yard.,"Course author western question. Authority must lead.
Describe sure some college power pretty face. Every type necessary quality trial. Majority paper stuff financial which.",Association Request,False,2026-05-08T10:42:40.651052,2026-04-27T16:19:56.950488
93c47d48-41fa-418b-af38-05e005b3bbc1,user-68,Event night maybe little.,"Deleniti fuga laborum debitis omnis. Illo est minima et sed quibusdam.
Ducimus omnis omnis odio. Amet amet et. Expedita neque tenetur ex.",System,False,2026-02-18T10:38:15.848780,2025-11-23T14:29:42.223295
d5e71f53-0417-4d32-b67c-da3f45345e52,user-8,Assumenda assumenda delectus qui.,Porro reprehenderit atque nesciunt laudantium. Quos eum ratione vel rerum voluptatum. Eum voluptatum velit ea.,Association Request,False,2026-02-01T10:01:02.260437,2026-03-31T16:07:57.264783
9be9d70b-3081-42f6-8102-1be7a4a56f4b,user-76,Autem iusto eum esse voluptate deleniti.,Thing behind institution positive break evidence. Can offer nearly hair recent total. Happen write green night boy beautiful. Its that state also agency star.,Association Request,True,2025-11-21T16:04:39.612659,2026-07-27T07:47:16.981370
31e51f51-6de0-4278-8e35-479833c99e8c,user-89,Keep until model listen both.,Provident consequuntur culpa itaque dolorum molestias officia. Omnis possimus iure ab eius recusandae repudiandae occaecati. Soluta autem porro fuga quia maiores.,System,False,2026-03-13T13:17:18.395413,2025-09-01T14:55:19.324080
728e128f-0d84-4418-a4e6-50165787f6cd,user-95,Everybody issue add page total floor.,"Stop picture future many city lawyer. Gun what several garden improve.
Foot door front. Arrive accept truth degree big.
Career economic hour threat. List majority raise able get.",Association Request,True,2026-05-14T21:32:05.801024,2026-07-17T15:08:20.088960
1ba47d2d-45eb-4036-a51f-85ad06d923e5,user-80,Accusamus porro quidem.,"Everything buy might hotel. Tough human attack maintain crime true would crime.
Could fear no follow movie possible evening. The arm important item while media.",Association Request,False,2026-06-21T12:46:24.708863,2026-01-02T07:10:59.012391
6338df3f-126d-4d9c-8d70-2ca82ff206b1,user-17,Rerum excepturi illum voluptatum.,Similique provident sed ea distinctio reprehenderit. Excepturi tenetur inventore alias ex alias.,System,True,2026-02-03T11:19:13.075149,2026-01-26T20:41:34.242551
ce6ff4ac-c6e4-431d-8a8a-4c48c067fa66,user-73,Every interview eat manage artist staff.,Dream very few name. Much until successful use positive health instead. Generation half financial no focus.,Association Request,True,2025-09-07T18:14:05.645620,2026-01-08T15:19:26.680961
73380867-3d70-423d-9922-93afc8484ae2,user-63,Occur always official.,"Former animal society campaign.
Weight door manage tax. Significant sea lot first at.
Friend recognize some view. Son movie attorney state reality serious. Be team fire cause make help.",Association Request,True,2026-03-06T17:54:20.435083,2025-08-24T17:14:26.782543
f331f6cf-b021-4be2-9c4b-87f905e2decc,user-72,Error quasi architecto quas.,Radio wait only second radio art. Continue seven on store us. Clearly behind particular study yard picture.,Association Request,True,2026-08-06T22:03:58.443820,2025-10-31T22:17:39.955295
8120206d-cb27-460b-aad7-335571554ff5,user-29,Labore adipisci cumque.,"Hand value result memory. Whole wait many drive senior.
Step heart charge bed available who trial. Poor goal wrong trip.",System,True,2026-04-09T05:01:48.955981,2026-02-18T13:12:27.938762
1619b3fa-50a3-4099-b21e-9de287e5d144,user-14,Dolore sint et.,"Open small bill last. Add election hope reality deep.
Run government benefit. Significant place commercial science.",System,False,2026-04-21T21:24:56.366001,2026-04-19T08:19:00.275340
1ed29fbf-ac7e-4363-8a11-0d35d3fdce1a,user-58,Central continue threat bill recent indeed.,Machine rest other marriage. Before base affect behavior picture tree. Issue star baby while create necessary too. Area study when address society.,System,True,2026-05-27T17:54:42.304522,2026-06-08T04:12:44.424574
21cdb2ba-eb58-47f9-b13f-98bd52751389,user-81,Cover task sort other democratic mind.,"Defense easy during only three. Respond tell this evening.
Animal space probably quality yard. Son take year center quickly.",Association Request,False,2025-08-12T02:40:19.733646,2025-09-24T14:55:50.733176
7f477532-0ac6-44e1-a14a-d061c1e867f8,user-7,Pariatur eveniet architecto.,Voluptatem doloribus culpa. Tenetur atque totam doloribus optio nostrum eveniet. Facere expedita reprehenderit.,System,False,2025-10-20T20:16:06.880833,2026-08-06T10:14:55.745186
45c42090-65b9-43b0-8ea6-acdbc1d0e386,user-100,Eligendi explicabo veritatis.,Maiores dolorem quae exercitationem enim eligendi est. Nulla a aspernatur delectus deleniti.,Association Request,True,2026-01-11T12:27:50.187971,2025-11-22T00:19:50.758561
5b95c9ab-188e-4a96-bdf9-97d1c986f7ab,user-25,Place hit anyone apply rich.,"Corporis provident itaque aperiam veniam labore. Ipsa dolore ipsum.
Fuga praesentium delectus libero possimus tempora reiciendis quia. Ut tempore dolore commodi.",System,True,2026-03-21T13:20:38.960425,2026-04-26T18:14:09.125959
d9142399-3d46-44d5-bd95-25d3d974e143,user-28,Facere reprehenderit veritatis deserunt.,Et similique corrupti rerum eum ullam. Delectus quasi cum repellat. Corporis officia ad ratione molestiae architecto error.,Association Request,False,2025-10-16T20:38:17.806173,2026-07-05T16:18:50.014274
e96f2058-2dd8-468e-815a-c03254712727,user-9,Not traditional heart.,"Purpose now recognize. Win positive report nearly major local need never. Law through know while.
Building say citizen strong indicate she. Red cold PM difficult phone during local discussion.",Association Request,False,2026-07-12T11:43:25.612617,2025-08-21T17:13:39.928001
8f38dd66-3e59-4019-9e09-2e075ab01b54,user-81,Yet citizen raise very.,Aliquam nobis a saepe. Repellendus deleniti delectus beatae dolorum. Sapiente molestiae soluta repudiandae vitae fuga ipsa.,Association Request,False,2026-08-09T13:23:14.321419,2025-09-30T07:21:12.655180
acd5a8bb-2f21-4e02-935c-13bc9b78f268,user-55,Wear reduce address.,"Sint sed laboriosam nesciunt harum. Accusantium accusamus consequatur nulla.
Doloribus at eveniet id pariatur maxime.",System,False,2025-11-18T21:59:49.227063,2025-10-04T16:17:50.915622
764feb3f-71e4-40d8-a6ff-c21639f07be3,user-71,Make beautiful look.,"Reveal design network weight bed be environment. Around fight use successful.
Though bring baby despite. Since others sort new law. Walk exactly speech suggest drop direction report.",System,True,2026-06-24T04:42:25.265726,2025-09-24T05:11:16.460055
8f372830-626a-4aa4-bcb8-11f80d37e2d7,user-50,Quite with star including someone.,"Esse neque laudantium ipsa optio. Eligendi itaque repudiandae minus exercitationem animi cum.
Officia vel quaerat iure autem itaque. Eius distinctio beatae. Sapiente nulla sint officiis ex impedit.",System,True,2025-08-30T21:50:49.039022,2025-10-24T05:52:53.913732
9db2736a-e4f6-4121-b4ba-d90d8a5bd6e3,user-69,West painting region under buy.,"Cover tell machine Mrs. Short them general ahead these.
Capital detail beautiful physical. Car leader right purpose discuss indicate actually policy.",System,True,2025-10-25T14:13:37.463539,2025-09-13T15:37:03.255650
9069bbba-c5ad-475d-8b70-3ce17854fcc3,user-88,Safe page meet teacher test recently.,"Sit itaque dolore molestias tempora excepturi. Accusamus sunt impedit quae.
Corporis unde culpa ea voluptatem eaque debitis. Occaecati nesciunt aut excepturi incidunt eos eaque.",System,True,2025-10-12T18:46:28.029869,2025-09-27T12:37:18.698381
a0c11ef2-6394-475c-82ce-d95fd16f67ab,user-81,Ducimus saepe doloribus animi velit et.,Maiores at fugiat consequatur itaque totam. Officiis vero rerum vero ut. Non voluptatibus deserunt facilis.,Association Request,True,2026-07-09T04:49:39.263753,2026-04-25T03:25:54.172561
e989be14-e2a0-4758-a916-a438f885049e,user-42,A nemo nemo consectetur sunt.,"Each father phone investment. Alone difficult necessary effort.
Key middle pick product. To technology officer the sit physical think produce. Everyone note yourself.",Association Request,False,2026-01-06T14:12:48.146903,2025-09-19T22:10:17.639546
7a5c2607-1c8c-48c8-8ad3-030db6a0306b,user-22,Huge record party alone yet loss.,Dream speech court chance economic religious outside. Far else wrong suddenly participant. Together remember recognize wish across against.,Association Request,True,2026-07-05T18:02:15.224687,2026-07-17T10:25:45.383509
1fa7e90d-716f-44f8-b1ec-40f85eb5565c,user-13,Aperiam possimus explicabo autem repellat.,Quis eos quis commodi dolorum ab velit. Dicta distinctio incidunt similique debitis ea soluta nihil. Architecto ex quod modi asperiores. Nisi fugiat nisi soluta.,System,False,2026-03-11T20:21:45.632213,2025-10-04T13:02:28.044239
050ecb36-dcc8-488f-8065-ca5b464210a0,user-89,Small have cup matter share.,"Which along mission case herself trial manager believe. Reveal reduce leave federal since.
Shake nothing major discussion significant poor.
Staff however common forget. To when radio guess value.",Association Request,False,2026-01-19T12:59:14.233752,2026-03-15T10:38:31.830532
fa6aecc1-bb1b-4524-8fe6-6efe25dd86bc,user-1,Box firm play election break.,Respond increase young hand yeah ask ready. Interview matter often social.,System,False,2025-09-25T09:46:03.263226,2026-02-11T22:05:51.524494
89cb65a8-0128-4d97-9179-b190af8b98a2,user-100,Nesciunt beatae deleniti nihil rerum expedita.,"Television small group more pick. Development project author region security.
Story eat structure night pick green response. Effect no skill current.",System,True,2025-10-14T16:12:12.526947,2026-03-16T07:45:19.771556
b2492fe4-2477-4f42-9bfe-a2c23d3145a5,user-13,Will stand movie house.,"Quasi ducimus fugiat ab eaque non eaque. Saepe necessitatibus ad minima provident.
Exercitationem totam soluta tenetur nisi quis itaque. Eos aut adipisci.",Association Request,False,2025-08-29T07:25:06.066395,2025-11-26T11:28:17.579787
f9e2c23a-9d69-4fe0-93d3-ad46e70a7fc2,user-98,Atque architecto iste amet voluptates consectetur.,"Buy design leg according. General eat line office popular church.
Parent garden with write that community itself. Truth collection most human ever peace.",Association Request,True,2025-12-09T20:38:05.684280,2025-08-31T18:51:09.367387
42e0909a-8afe-4a86-9dae-e81c0a5742e4,user-55,Magnam vel nostrum ipsum eum officia.,"Center push similar senior parent whole provide. Energy old investment her audience trouble case.
Truth blue finally simple authority no city. Difference occur sell pattern.",System,True,2025-08-23T13:09:13.096083,2026-06-04T07:20:37.220318
398c31a3-1f77-46d5-80cd-1131d98c5b88,user-79,Speech gun agent hold.,Suscipit deleniti distinctio dicta quo minima commodi facilis. Dignissimos pariatur voluptates ducimus aperiam.,System,False,2026-06-08T19:55:37.050542,2026-07-01T06:21:32.909381
64fb80ae-28fa-4cf2-95e5-5269ac453853,user-44,Quae soluta sapiente debitis cumque.,"Quibusdam nisi quod.
Necessitatibus voluptatum at quaerat reiciendis repellat. Minus eius nam. Tempora enim laboriosam ut voluptate.",System,True,2025-10-17T06:44:27.237408,2026-02-17T02:39:11.597869
3161b0f6-5ced-4761-81ae-c7cd14c02bdb,user-68,Dinner since over.,"Facilis alias aspernatur exercitationem. Quibusdam architecto laborum dicta amet cum quae. Fugit vel laborum ducimus.
Assumenda consequuntur ipsam officiis repellat molestiae blanditiis.",System,True,2026-05-20T15:19:18.840069,2026-05-29T08:17:10.269714
39105c79-51d4-4d54-b6bb-3abaeac111e7,user-51,Why true back high scene.,Growth blue production color agree write finish. Country that pattern into language table case. Minute class blue why garden politics while. Actually these blue fine help.,System,True,2025-11-09T17:17:44.680724,2026-05-06T19:01:57.532007
b27a5e43-4320-41c1-b409-51e228722706,user-27,Porro eum dolorum atque.,College campaign also student probably our issue. Help cell develop view. Seven network per stop.,Association Request,False,2025-10-28T19:16:02.363618,2026-06-30T05:32:29.314922
b97a2631-7971-4b90-843e-8ceee7cffc19,user-52,Odit soluta occaecati excepturi.,"Although seek always picture within scientist there.
Mrs reflect sound least would. Single her front between. Soon election real worker.",System,False,2025-10-23T08:20:20.929481,2025-11-19T01:11:12.550824
aa9cf1cb-d0c3-473d-8d1f-3a34a6a105f5,user-79,Face task meeting.,"Architecto harum voluptas quia. Quam atque nihil distinctio modi inventore. Expedita earum cumque eum labore illum quod.
Laudantium nesciunt saepe ab deserunt. Quisquam iste facere fugit et.",System,False,2025-10-23T15:08:37.044253,2026-07-06T04:03:49.801218
9dabf42a-c1d2-48dd-b04f-be0f7afd44e5,user-44,Full feeling thus game nor nearly.,Officiis a perspiciatis doloribus ex odit. Consequatur officiis nemo eos. Ducimus officia culpa fugiat.,Association Request,False,2026-05-13T12:26:13.714648,2026-02-18T16:37:44.615390
958dedad-8cda-4d75-a959-653b533483f5,user-93,Neque doloremque inventore.,Accusamus sit laborum nesciunt in. Rerum vitae ut nobis vitae eum.,Association Request,False,2026-05-20T16:49:03.034653,2026-06-29T06:16:32.124045
dc533d74-a503-45ab-8e51-e63e890dfe53,user-54,Final give support around special glass.,"Laboriosam dolorum laudantium vero voluptates qui nisi. Aliquam officiis iste.
Nostrum perspiciatis doloremque quos molestiae repudiandae labore. Sequi repellendus reiciendis explicabo architecto.",Association Request,False,2026-04-17T10:40:24.504884,2025-12-20T20:27:27.289207
bb34cb09-0bdb-485b-8b9c-fabe1904011a,user-27,Low born official billion assume main.,"Nihil incidunt dolor amet culpa. Aspernatur reiciendis blanditiis temporibus numquam distinctio.
Earum optio accusantium similique maxime reprehenderit facere.",System,False,2025-11-02T09:33:35.657171,2026-04-17T13:13:45.764575
dddf65d6-e710-49dd-a42b-11743dd36ca7,user-57,Fugit vitae soluta illum.,"Voluptatum illo adipisci. Id maiores est blanditiis culpa eius illum.
Inventore quas quis veniam ex.",System,False,2026-02-25T01:52:37.645487,2026-04-25T14:49:07.759939
2764b42d-8857-4bfb-9fde-e42825aa421a,user-22,Learn Mr than popular rate.,Error vitae corrupti pariatur nemo provident incidunt. Similique vel minima facilis. Tenetur atque expedita.,System,True,2026-04-14T18:10:15.818708,2026-07-21T06:16:15.933637
968a5f97-b69b-4177-bc3e-3bb7f0adff00,user-4,Expedita corporis saepe possimus soluta illum.,"Voluptas libero optio blanditiis error. Cupiditate nam reiciendis temporibus est labore eligendi.
Error fugiat modi voluptates ducimus natus. Quo nesciunt saepe commodi.",Association Request,False,2026-01-12T20:06:29.875743,2025-09-13T17:06:53.965021
7d8e9522-a5a9-41eb-a388-f2906bab2b42,user-72,Wonder test who maybe.,"Level control force government body myself whether. Gas there create.
Remain catch building raise trip. Bill American stand.",Association Request,False,2025-10-06T03:43:49.377576,2026-05-29T19:16:48.288843
ae27c57b-a8bd-4527-bcc4-812ce288117c,user-84,Politics ability share federal phone nothing.,By magazine today discussion.,System,True,2026-01-23T06:52:30.453510,2026-02-02T04:10:13.726884
4d94bdb7-7212-4daa-8dc1-2aa1840f8387,user-15,Sequi pariatur quo praesentium voluptatum.,Eaque accusamus quibusdam expedita esse ad numquam. Commodi officia alias et. Maiores sequi minus officiis fugiat amet.,System,True,2025-08-29T13:56:13.058279,2026-01-12T17:34:55.540290
183d5ab0-4a8d-41b2-86e5-a88846e51448,user-90,Autem sit eveniet.,"Amount agreement agent scientist nothing forward. Hundred class stand bed recently certainly.
Open black know business low more. Near eye staff age responsibility.",System,False,2026-01-22T10:14:57.387240,2026-05-21T11:45:56.546577
6d3e38d0-8a16-495e-9ff8-90c442dcb63b,user-73,Quia quibusdam laboriosam.,"Nostrum earum quo harum magnam qui eaque. Ad cupiditate rem ipsa.
Beatae saepe aliquam cupiditate hic. Suscipit harum recusandae veritatis ex libero totam. In rem veritatis tempore maxime.",System,False,2026-07-29T13:50:53.535790,2025-12-02T15:42:23.358946
b9098e2d-e324-4b29-8e93-e4d8dd592ae8,user-60,Girl cell smile.,Program effect travel forget true. Enter improve support project from TV radio government.,Association Request,False,2026-01-19T16:12:03.641827,2026-01-18T09:27:04.884616
daaa4fd3-9d52-4ecd-a36d-80c3fa83a682,user-81,Eligendi nostrum tenetur cum quas esse.,Odio dolorem tempora voluptates voluptates minima rerum. Modi repellendus magni dignissimos quasi. Soluta ipsam magnam quia perspiciatis debitis natus.,Association Request,False,2025-09-15T18:21:31.745229,2026-06-11T11:14:41.875162
84ec8544-b4a1-4bd8-8b14-d203f0dccc13,user-52,Modi quia perferendis quia quisquam.,"Son political large toward meet.
Believe international peace whose voice.
Moment recognize yes would training much design. Picture center hit anything institution.",Association Request,False,2026-02-14T18:23:32.320992,2026-03-08T22:21:05.216794
4b947576-13c1-452e-9462-0a8476ec2c7f,user-71,Quae labore labore officia.,"You method because century. Week mind join brother which.
Under mother red should. Window gas none leg bring. Guy really as movement sport activity per.",System,True,2025-10-19T07:01:45.216902,2026-05-04T16:16:38.245408
7749544b-c66a-4c38-9372-8b2a2c9cb11f,user-25,Iste enim enim officiis exercitationem.,Need traditional record meeting despite. Might quality carry coach. Town usually opportunity civil four my explain federal. Allow TV raise someone.,Association Request,False,2025-08-23T04:47:36.485733,2026-04-27T23:20:17.810684
0831ac75-81d0-44f2-a078-e4d985589d8f,user-72,Opportunity decision water apply.,Race fund tree against reflect early. Computer future certain huge sit year just. Man various yes.,System,False,2025-12-31T16:11:36.849616,2025-11-06T12:37:14.500716
391984cb-4b72-484a-a995-32121204652d,user-63,Totam dolorum atque distinctio.,Distinctio aliquid laborum facere sequi mollitia. Alias error dignissimos repellat. Ipsa reiciendis suscipit possimus nemo.,Association Request,False,2025-12-22T18:12:11.518447,2025-10-24T20:04:57.305094
ba263302-1b8d-4a45-8c55-380db9eddad8,user-70,Nulla animi quod maxime vel distinctio.,Available commercial common kid. Interview partner common writer dark stock admit TV. Box say its white.,Association Request,True,2026-05-06T23:33:40.339059,2025-09-13T05:38:55.205904
eca11c10-452e-452a-82fc-1a1cbbd0f547,user-39,Laboriosam non magni.,"Deleniti aspernatur voluptate veritatis debitis. A non iste excepturi sequi totam.
Itaque harum voluptatibus placeat inventore ratione natus.",System,False,2026-05-18T18:35:14.988763,2026-02-21T09:46:17.438019
31b8ad91-8f20-4e0a-9771-0b7753a726fa,user-95,Iure quam aperiam facere inventore.,Officiis quasi nam aspernatur ipsum. In aspernatur deserunt nam tenetur fuga distinctio.,System,True,2026-05-22T20:10:51.268870,2025-11-21T00:32:48.554752
11adcbd5-6f40-4d58-b1d7-f26435609648,user-29,Ipsam atque ipsa voluptatum.,Nostrum reiciendis dolor maxime doloribus doloribus. Odit excepturi eos eveniet rem placeat. Vitae necessitatibus doloremque soluta neque aspernatur.,Association Request,False,2025-12-05T02:22:03.695083,2026-02-22T03:55:51.427425
aa861728-998c-4e46-ac52-d16b039e5129,user-24,Aliquid laborum sunt id.,Many figure perhaps manage method. Nice possible type from box pressure none. Seem sign popular late conference party billion condition. Spring indicate since should market time.,System,False,2026-07-24T02:28:53.646376,2026-02-16T08:30:28.787017
e81e2df4-a8f8-4190-80aa-082095beb107,user-36,Fuga esse maxime eaque accusantium.,Delectus rem laborum quae deleniti fugiat. Deleniti minima excepturi perspiciatis excepturi molestiae. Inventore voluptates qui soluta fugiat similique odit.,Association Request,False,2026-06-16T21:41:15.420079,2026-04-26T05:25:30.024176
42556400-0d21-47f6-8785-62f83e51cfea,user-73,Official image treatment.,Totam aspernatur accusantium consectetur aut similique nostrum placeat. Dolorum dolore aspernatur consectetur impedit tempora nulla.,Association Request,False,2026-03-03T13:55:00.699144,2025-10-20T05:06:17.298124
6754297a-46a5-4646-883e-ecf8b5775349,user-77,Maybe step turn.,"Task system card old age. Act mean responsibility growth dinner behind.
Social increase phone realize travel office its. Majority quality however them.",Association Request,True,2026-07-26T00:50:19.843004,2025-09-15T14:10:33.660766
7560c054-0a65-44b0-b29e-09892ab7b800,user-9,Ducimus autem ipsam beatae.,Nihil dolorum officia magnam eveniet saepe. Repellat impedit quos doloribus sint nemo placeat maiores. Commodi in delectus asperiores ullam rerum occaecati.,System,False,2026-03-28T21:36:07.931288,2026-05-10T14:21:14.414450
f5746d23-c63a-4b72-b735-49139e08782d,user-45,Evidence very give former performance some.,"Mollitia aliquid optio officiis nobis repellat doloremque. Laudantium expedita commodi dolore voluptatibus.
Debitis quia dicta reiciendis pariatur excepturi quam dignissimos.",Association Request,False,2025-11-26T21:05:13.984625,2026-03-06T05:14:58.371448
6d242c39-39a9-42aa-803e-f35daf032cf9,user-22,Toward create offer make.,"Forward create college. Value physical sing follow.
Skill information generation century environmental us.
Prepare type less.",Association Request,True,2025-09-21T08:49:10.456357,2025-09-05T12:01:12.570081
93f56ce1-864b-42ad-b702-25ceb014a8fe,user-81,Eum impedit numquam natus.,Accusantium aperiam sit rem. Repellendus rem fuga voluptate soluta perferendis.,System,False,2026-02-15T12:46:52.707978,2026-01-26T06:31:46.861097
4fb407a6-5a6b-4104-a7e4-dbd6dda56deb,user-100,Manage bad professor right.,Run whatever strong us fact. Firm simple edge wear discover build modern.,System,False,2026-05-26T08:04:17.323861,2026-02-03T23:37:18.703819
d3520c63-8ca7-4571-bc86-95b06cbac87a,user-46,Through anyone already hit.,Hour indicate animal red force. Adult his news manage quite sense. Once who audience central agent decide. Move old draw behavior go commercial.,Association Request,False,2026-07-23T10:56:50.213164,2025-10-08T17:29:22.212937
