id,profil_kegiatan_id,profil_km_id
86c31cf5-a284-4a25-b531-7e9312fe2b8a,e71314c1-55fc-4cf1-a081-102bf3918f18,590803d5-be56-44df-91d4-4dab84b18651
2da513ff-2f43-46ac-b9ba-187d0a162ce7,3571b9a5-a92b-4597-bda1-3dabcb7467b8,d3197070-1a11-4ee3-b592-08f0509817e7
e28aa9c7-91f3-41e2-9d2a-4adc88d58cae,deca73ad-9b3d-4a49-9a9b-e0b8384e09ea,d3197070-1a11-4ee3-b592-08f0509817e7
11c55b4a-89ab-423c-b173-8bb95fb5d0bb,bf5bc0a3-b13c-477a-abae-9bae4f655520,8cd3676c-bfd8-4a39-b473-eea7f5ed545a
a33d545f-1f8a-4948-a726-5d233dbeade0,cf5c02d0-fae9-4744-bdaa-bc86daae9c5d,1733dac7-d658-4ef4-95a9-e70e22858a58
4c32f05d-99bc-468a-96a1-e357ae2180da,3732f700-7416-4438-80e7-b9c4526d74ad,8cd3676c-bfd8-4a39-b473-eea7f5ed545a
da1e9776-5097-4842-89f3-3ca43cf928ad,5de9ebb0-f833-4130-96ff-41691932de3a,1733dac7-d658-4ef4-95a9-e70e22858a58
8d7645ac-5f3f-4fc0-bfcf-03914001fa3e,b093d81e-0f6e-40e0-9844-bca7d0d4df59,d3197070-1a11-4ee3-b592-08f0509817e7
4b235709-2244-4b75-8690-aab692204769,a70f0739-c7cf-4d61-9ce8-458ab0ad8bd6,8cd3676c-bfd8-4a39-b473-eea7f5ed545a
1b83a45c-0c4d-4933-9ed9-ab705b38a5b2,b9785b33-5930-4463-8840-25ed64f7af64,590803d5-be56-44df-91d4-4dab84b18651
a5dbb6a2-057e-4683-98fb-dc7002225e20,cf5c02d0-fae9-4744-bdaa-bc86daae9c5d,d3197070-1a11-4ee3-b592-08f0509817e7
cd5c118d-cc59-4b42-9723-194ee863f461,cb30bd61-a71c-470a-9047-e8d249c472fe,590803d5-be56-44df-91d4-4dab84b18651
9d9fc4a6-77ff-4e8b-9831-475855085ea8,df83e3d3-2528-491d-9f8b-133ac3ccfe27,590803d5-be56-44df-91d4-4dab84b18651
a065d778-ed06-4e31-851f-272aed1f73a2,7741785b-8d9e-4449-980e-305f15acaba0,1733dac7-d658-4ef4-95a9-e70e22858a58
f0bd47fd-2dd3-476b-b65e-5a5d012f6047,c43d86a7-e69f-4084-894e-9f7dfaf26775,1733dac7-d658-4ef4-95a9-e70e22858a58
89e1903b-287b-4e0e-8007-f01002b632b3,5de9ebb0-f833-4130-96ff-41691932de3a,8cd3676c-bfd8-4a39-b473-eea7f5ed545a
9da38a37-6553-405c-9d28-42e7dd35ab9e,b093d81e-0f6e-40e0-9844-bca7d0d4df59,1733dac7-d658-4ef4-95a9-e70e22858a58
f14e1d2e-fb85-4112-bcd9-3812fb41f4af,8ccb7a57-afa0-4ec7-a319-230849d02c5f,d3197070-1a11-4ee3-b592-08f0509817e7
bf3557c5-2b3e-46b1-9a14-5e4b67623fb6,54236c7c-cf36-4770-b6de-1d447a08417d,d3197070-1a11-4ee3-b592-08f0509817e7
aac973c4-5320-4b98-8889-c58987893f75,3732f700-7416-4438-80e7-b9c4526d74ad,1733dac7-d658-4ef4-95a9-e70e22858a58
eca762ed-29e8-4425-b4e7-f79fefb83b8f,f2e02c49-4c5d-402b-9601-fb06f6a0af23,1733dac7-d658-4ef4-95a9-e70e22858a58
519f3960-3810-44ce-820c-37670d7fc0e2,5acb2f38-be93-404b-b04e-19f609b28279,1733dac7-d658-4ef4-95a9-e70e22858a58
3bdadd8d-021c-4a16-a6a5-8d24c7440496,cf5c02d0-fae9-4744-bdaa-bc86daae9c5d,590803d5-be56-44df-91d4-4dab84b18651
7c87846c-046a-4c91-8fc3-970eef08193f,2f55d032-5ccc-48ae-a2c3-8bb7c76cc7b0,d3197070-1a11-4ee3-b592-08f0509817e7
59a7c4a6-4309-4d28-9e9d-8d19506ef53f,4375202f-ab95-40e1-b29c-ffedb30c92e0,1733dac7-d658-4ef4-95a9-e70e22858a58
237687af-f41b-48e7-9c4b-8e44bd523d36,8521ac01-4c59-4211-9808-91658786ac53,1733dac7-d658-4ef4-95a9-e70e22858a58
4a18f250-d578-403c-9670-c91853e7242d,9a61f980-defd-4bf9-93ab-8799ae7feaca,590803d5-be56-44df-91d4-4dab84b18651
cb03cac0-e2c8-4abe-b4e1-c3b905cae426,f84e70f8-4cd3-4250-a21e-c0fb9787d24c,d3197070-1a11-4ee3-b592-08f0509817e7
3a3eecc5-d17a-4df6-86f0-6fd6a150acac,af39f5c0-84e3-416d-b27e-e68bb89d4f78,590803d5-be56-44df-91d4-4dab84b18651
5ae08b79-10b1-419c-82f6-3c4059cc96be,af39f5c0-84e3-416d-b27e-e68bb89d4f78,1733dac7-d658-4ef4-95a9-e70e22858a58
fe2ebf5e-7896-4d8d-a24f-4606375b1988,a3b27c26-49af-4bef-9865-1b43d24ccf1e,1733dac7-d658-4ef4-95a9-e70e22858a58
d605c755-9c1f-4ffd-99e0-79391ef1da4d,7007f706-be99-4883-8b5f-575665ddbb52,d3197070-1a11-4ee3-b592-08f0509817e7
70e1709a-0737-4d66-a080-8dbf6da73852,8a0f5b68-203c-467f-8f1d-4b873c2e4d9b,590803d5-be56-44df-91d4-4dab84b18651
b3432660-f026-48c9-a753-2f1098229fce,4375202f-ab95-40e1-b29c-ffedb30c92e0,590803d5-be56-44df-91d4-4dab84b18651
fb0b198a-dd3d-4a4e-9005-eec82fa8b0f6,8108139c-e7cf-417b-9bd6-a6f03d025cb7,590803d5-be56-44df-91d4-4dab84b18651
97299c61-1d75-449a-b977-01b54ac0c02b,79b794c8-b1f3-4be9-b791-119d3d92e380,590803d5-be56-44df-91d4-4dab84b18651
99c93dfc-84e9-4a88-b355-67d2146e1e52,e0bfa8ed-25bf-4911-a832-3af4e60ff2e4,d3197070-1a11-4ee3-b592-08f0509817e7
e41153c6-66fb-4409-92d8-89dfab76fc0a,e27aa2e5-ac4e-4434-9c24-58d81f98635b,d3197070-1a11-4ee3-b592-08f0509817e7
ab9416a8-3357-4298-a215-355973317702,a70f0739-c7cf-4d61-9ce8-458ab0ad8bd6,d3197070-1a11-4ee3-b592-08f0509817e7
1c0f0ed2-30a2-423e-a331-463cce3ce466,c65365ef-5360-4429-b4f2-f4c1707a1100,1733dac7-d658-4ef4-95a9-e70e22858a58
4c06899c-d1f4-41a2-af1e-cf6d1d568ce4,e27aa2e5-ac4e-4434-9c24-58d81f98635b,8cd3676c-bfd8-4a39-b473-eea7f5ed545a
0f7f61b5-f068-42de-935b-717856f8435e,fe679349-6ee6-4fd2-a5c9-15871b2410bb,1733dac7-d658-4ef4-95a9-e70e22858a58
1399b046-2b1f-48f0-ab72-0b61acc4c49a,ba8cecb7-d1de-4c45-aeb4-531599e606f1,d3197070-1a11-4ee3-b592-08f0509817e7
0fbc0dc2-a2a7-4da4-afb3-0fb435f75a09,7401423f-b748-4eca-b237-61f8be0a3670,1733dac7-d658-4ef4-95a9-e70e22858a58
d391aef1-8f90-4c8c-ba9e-63dba62ed43f,3e49805c-79ce-46d5-9c18-3579787d0445,8cd3676c-bfd8-4a39-b473-eea7f5ed545a
81136ddd-3fee-4d3b-8ea7-86f879dc9830,e23acf83-e88c-43b9-ae2f-fd243982d391,1733dac7-d658-4ef4-95a9-e70e22858a58
c9b72ddf-ff01-4a17-90bc-38ee3a6735c6,ab5abf6f-66ba-42e0-b66a-2dd6b6757b32,8cd3676c-bfd8-4a39-b473-eea7f5ed545a
0515a926-a22c-4cc9-9b96-d7ae33f58a1d,a3b27c26-49af-4bef-9865-1b43d24ccf1e,590803d5-be56-44df-91d4-4dab84b18651
0091bea3-3769-4397-96e9-ef2500923b82,03199883-f971-448b-8d93-0589b79d3ff1,590803d5-be56-44df-91d4-4dab84b18651
85b6dde7-3d8f-43a5-902d-8b29606073a7,e71314c1-55fc-4cf1-a081-102bf3918f18,8cd3676c-bfd8-4a39-b473-eea7f5ed545a
