id,eventId,name,description
6eef7d17-5e20-4aba-8003-4dddb2875d8b,event-131,Teamwork - Exhibition Mobile 2022,"Hit friend bit agree hold card almost. Operation company computer evidence camera new then.
Word hear knowledge. Employee movement take goal hospital west suffer."
9a61f980-defd-4bf9-93ab-8799ae7feaca,event-6,Technical Skills - Workshop Mobile 2012,Available he seven. End hit wonder marriage another. Hundred environment but by sing of.
93d4736c-a2b9-43c4-a8ee-3c14f7ed5641,event-127,Technical Skills - Exhibition Web Dev 1983,From author development hair. Project decision available right rule leader seem.
e71314c1-55fc-4cf1-a081-102bf3918f18,event-122,Technical Skills - Workshop Cyber Security 2019,Determine middle door report opportunity especially place. Team enjoy information. Win rest new benefit magazine tree.
d8c0fc76-e4e1-48d9-be35-6ea5d02a0394,event-45,Critical Thinking - Competition AI 2011,"Sint nemo velit error dolor reprehenderit consectetur voluptates. Commodi odio ipsa repellat minus nam.
Accusamus nisi aperiam quidem. Fugiat aliquid nulla ducimus."
f2e02c49-4c5d-402b-9601-fb06f6a0af23,event-122,Time Management - Workshop Cyber Security 2019,Religious position share author but person. Various born charge material positive morning it. Sign window travel around trouble.
cd5e4eb8-e231-49b9-8bbc-be266a0f61f0,event-89,Presentation Skills - Hackathon Data Science 1974,"Keep court result who. Sometimes could research military leave. Family hard ok smile.
Situation seat worker note. Summer coach myself land scientist cause exist."
89bdfbbb-d067-4c46-a1d2-ed014d7306c6,event-99,Presentation Skills - Workshop Blockchain 1986,Visit product until somebody keep political note attorney. Test hope charge foreign. Nature send time deep everything responsibility level. Eye whom smile here onto.
fa85d4f1-51f2-423c-abb4-9f4a71a627ae,event-126,Presentation Skills - Exhibition Web Dev 1975,Accusamus possimus sint animi dignissimos. Ipsam beatae fuga fugiat cupiditate assumenda deleniti. Quae aspernatur hic. Ad soluta porro ut.
c43d86a7-e69f-4084-894e-9f7dfaf26775,event-4,Technical Skills - Conference Blockchain 1972,"Address improve Congress usually. Left run certain accept.
Her card entire security debate. Live answer heart break cause station. Agree drive trouble mission indeed resource."
e3e8f2d0-595c-4f21-abef-f440872e77fd,event-116,Creativity - Exhibition Cloud Computing 198,"Education long step firm never. Matter section student.
Not within energy why. Material especially church turn affect between foreign.
Forward respond thousand. I rest issue mouth.
Focus board level."
7401423f-b748-4eca-b237-61f8be0a3670,event-31,Problem Solving - Exhibition Cloud Computing 199,See truth a woman. Fall remain billion scene enjoy same debate face. Smile capital discussion help small including.
3732f700-7416-4438-80e7-b9c4526d74ad,event-24,Critical Thinking - TechFest Cyber Security 2000,Dolorem quidem tempora architecto cumque quod laudantium harum. Et distinctio reiciendis dolores repudiandae provident iste.
8521ac01-4c59-4211-9808-91658786ac53,event-106,Critical Thinking - Hackathon Mobile 1972,"Guy whom white than entire. Board hit drive difficult ago now enter relate.
Expect hair always alone.
Consider bring happen home matter carry give. Officer guess bank fast."
5de9ebb0-f833-4130-96ff-41691932de3a,event-68,Technical Skills - Conference Data Science 1994,Word send whole table husband shake start. Politics dog understand wear character know safe. Money student start speech week.
ab5abf6f-66ba-42e0-b66a-2dd6b6757b32,event-96,Leadership - Seminar Cloud Computing 1983,"Staff hour bad physical ahead enjoy.
Our big do heavy us drug. Instead physical rule garden cultural Democrat not.
Mention key bank owner choose similar. Style allow base decide impact any."
5fe2988f-933f-4e9b-a363-4b82043f459c,event-103,Creativity - Bootcamp IoT 2023,"Ipsam fuga blanditiis porro quos porro.
Cupiditate reiciendis eos repellat suscipit molestiae porro ex. Dicta eum odio commodi veritatis adipisci."
b9785b33-5930-4463-8840-25ed64f7af64,event-72,Technical Skills - Hackathon Blockchain 1981,Atque at ad optio rem est. Tenetur itaque inventore. Error fugiat et maxime. Rem autem occaecati dicta accusamus facilis natus.
ad490d7f-14ec-405e-a446-3349172e2a63,event-88,Project Management - Competition Blockchain 1998,"Design season on act. Read attention across cause message doctor their.
Appear center agree. Event market middle increase sea two."
df83e3d3-2528-491d-9f8b-133ac3ccfe27,event-40,Problem Solving - Competition IoT 2013,Aperiam alias sed quos minus vitae placeat. Necessitatibus sunt perferendis sint architecto velit. Aut cumque beatae soluta saepe. Expedita pariatur voluptates.
6dad52e2-9dec-438b-a2ec-9d5a8ff64532,event-40,Communication - Competition IoT 2013,Accusamus fugit soluta hic dolor cumque. Soluta cupiditate excepturi.
f84e70f8-4cd3-4250-a21e-c0fb9787d24c,event-22,Project Management - Exhibition Cyber Security 1991,Anything everybody agreement rock short class spring. Near support country mention cell hard. Relationship role chance gun spend upon.
c65365ef-5360-4429-b4f2-f4c1707a1100,event-114,Time Management - Competition Cloud Computing 19,About cup improve political box another. This until speak never alone skill anything.
a70f0739-c7cf-4d61-9ce8-458ab0ad8bd6,event-75,Critical Thinking - Bootcamp AI 1974,"Odio delectus eligendi. Maxime ratione ducimus.
Voluptate cum fugit. Nobis perspiciatis tenetur quas at. Cum tempore quibusdam animi."
f47e213d-2ad4-40bc-9dc9-58d98ccf77b2,event-20,Technical Skills - Hackathon IoT 1989,"Whether eye on somebody price same nature. Recently other Republican why must federal. Medical claim perform check.
Door necessary anything. Action but skill like."
8108139c-e7cf-417b-9bd6-a6f03d025cb7,event-87,Project Management - Seminar Data Science 1992,Operation station sing continue design. Small very news perhaps within. Hand both hope any such professional company.
8a0f5b68-203c-467f-8f1d-4b873c2e4d9b,event-23,Leadership - Workshop Data Science 2019,Dolore enim iste vitae dicta delectus modi. Delectus ab quibusdam laboriosam sed dicta deserunt. Accusamus ut veritatis. Quasi placeat voluptates dolore eligendi molestias non numquam.
d4064804-d919-4743-b858-d5cbb07e0304,event-143,Technical Skills - Exhibition Cyber Security 2013,Social information wife check truth grow. Scientist radio your chance decide. She five speech culture.
e27aa2e5-ac4e-4434-9c24-58d81f98635b,event-3,Teamwork - Hackathon Mobile 1984,Aut dolor omnis fugit ex. Sed doloribus natus quasi et. Vero voluptas deleniti soluta explicabo eligendi quaerat.
3571b9a5-a92b-4597-bda1-3dabcb7467b8,event-136,Creativity - Exhibition Mobile 2007,Onto arm as herself not class. Foreign two forget network even. During return cultural hair research again ten.
bf41b4cd-8447-4f58-9a1a-928dafa34e1a,event-41,Project Management - Workshop Data Science 1973,"Outside company economy happy many continue.
Whatever out eight news difference across raise professional. Back wait friend crime."
03199883-f971-448b-8d93-0589b79d3ff1,event-18,Critical Thinking - Bootcamp AI 2008,"Consectetur ipsum aspernatur labore vitae quibusdam nam. Fugit occaecati asperiores ad cupiditate illum molestiae. Iusto dolorem voluptates voluptates vero harum.
Minima eaque deserunt."
2f55d032-5ccc-48ae-a2c3-8bb7c76cc7b0,event-84,Teamwork - Bootcamp Web Dev 1982,Almost it teacher adult method operation. Air fish grow detail training manager partner green. Work particular sister successful film stuff shoulder.
7007f706-be99-4883-8b5f-575665ddbb52,event-145,Creativity - Exhibition Cyber Security 2024,Event kitchen trouble table capital culture. Traditional another hope window mission character. Measure article standard than change yet.
e0bfa8ed-25bf-4911-a832-3af4e60ff2e4,event-26,Critical Thinking - Hackathon Mobile 1979,"Fire all defense. Finally item reflect feel strong.
Line usually fear southern always wonder. Beat suddenly everything gas door. Talk almost can."
27bed625-9c4f-4198-8c47-b108416bee64,event-136,Problem Solving - Exhibition Mobile 2007,Temporibus doloremque ipsam enim molestias. Necessitatibus quaerat rerum sequi voluptates. Delectus tempore inventore pariatur. Cumque cum consectetur minima ut nisi.
bf5bc0a3-b13c-477a-abae-9bae4f655520,event-108,Leadership - Seminar Mobile 1990,"Collection stand or whatever heart. Candidate wear study across international hold.
Instead hair they program weight. Much while begin home."
5acb2f38-be93-404b-b04e-19f609b28279,event-42,Teamwork - Exhibition Blockchain 1991,"Together no line. Window almost director color decision rather catch. Food democratic future professor.
Perhaps wrong study cut early. Likely history technology add. Myself alone lay off ago charge."
b967eeb4-fd6d-459e-a5ad-212ad0dbf65a,event-35,Leadership - Workshop AI 2013,Growth especially work in. Country pattern bar low need. Follow them per allow.
5d662e75-5f87-497f-bb08-995098f12960,event-83,Communication - Competition Cloud Computing 19,Blanditiis error temporibus doloribus doloribus saepe sint. Necessitatibus mollitia pariatur quaerat.
ba8cecb7-d1de-4c45-aeb4-531599e606f1,event-95,Creativity - TechFest IoT 2019,Repellendus provident perspiciatis soluta voluptatibus. Fugiat deleniti voluptatum quasi aut voluptate praesentium amet. Veritatis aspernatur qui nobis perferendis saepe.
79b794c8-b1f3-4be9-b791-119d3d92e380,event-8,Problem Solving - Bootcamp Data Science 2023,Crime should policy free participant party. Pull pull concern. Young these civil peace president head. Guy administration bit born.
54236c7c-cf36-4770-b6de-1d447a08417d,event-91,Technical Skills - Bootcamp Mobile 1983,"Voluptates rem ex soluta unde error. Ex libero libero modi adipisci nam.
Repudiandae quasi minima quasi nam sed. Numquam ad aut sed deleniti consectetur necessitatibus."
0c82c3ba-e315-4b40-803e-f082720d839e,event-79,Creativity - Exhibition IoT 1996,"Modi fugit harum veniam porro architecto. Quidem asperiores aspernatur pariatur vel.
Sequi officia corrupti. Reprehenderit est labore nisi."
a11c6787-d49f-4abc-b502-0bddd652f435,event-70,Time Management - TechFest AI 2010,"Perspiciatis vel quia pariatur vitae aspernatur. Ratione nisi consequuntur libero.
Cum ab laboriosam blanditiis dicta pariatur ut perferendis. Eum et aut corporis esse ipsa dolorem."
b093d81e-0f6e-40e0-9844-bca7d0d4df59,event-60,Critical Thinking - Hackathon IoT 2024,Aut iste veniam ducimus neque nobis incidunt. Veritatis eveniet voluptatum aut ad maiores. Odit minus soluta sed.
e23acf83-e88c-43b9-ae2f-fd243982d391,event-56,Teamwork - Competition Cyber Security 201,Consequatur cum incidunt. Delectus dignissimos eum ut animi commodi. Libero libero illum repudiandae expedita voluptatum.
8ccb7a57-afa0-4ec7-a319-230849d02c5f,event-75,Problem Solving - Bootcamp AI 1974,Tempora cumque neque eos eum maxime. Aut similique autem perferendis quasi eligendi.
deca73ad-9b3d-4a49-9a9b-e0b8384e09ea,event-33,Communication - Bootcamp IoT 2021,Aliquam voluptatibus occaecati atque. Ipsa veritatis quod dolor. Amet veniam in error facilis accusamus perferendis.
d2befa57-3d58-4883-b349-9bbc3acd4892,event-115,Critical Thinking - Seminar IoT 2018,Fear over nation call. Among view physical green. Film prevent assume laugh wait between. Push consider federal return foot begin cut.
cb30bd61-a71c-470a-9047-e8d249c472fe,event-19,Problem Solving - Workshop Web Dev 2001,"Thousand mention protect early car according receive. Management activity way seek.
Toward should what herself base. Shake entire specific few. Entire the lawyer find."
3cc93631-e181-4c64-b318-6b5642b6f63c,event-33,Time Management - Bootcamp IoT 2021,Tempora nam laboriosam error. Facilis eaque tenetur dolorem vero occaecati magni provident. Omnis repellendus laborum mollitia.
a3b27c26-49af-4bef-9865-1b43d24ccf1e,event-108,Technical Skills - Seminar Mobile 1990,Official letter think every. Impact best ten fine leader production modern. Town certain former subject.
3e49805c-79ce-46d5-9c18-3579787d0445,event-132,Critical Thinking - Competition IoT 2002,"Grow pass care however someone white. I modern mission themselves. Particularly hit because notice see.
Write once us account go stock. Moment best far."
fe679349-6ee6-4fd2-a5c9-15871b2410bb,event-111,Communication - Bootcamp AI 1983,Incidunt maxime nam unde. Id error esse laudantium ipsa tenetur. Et quis unde consectetur ipsa sunt dignissimos suscipit.
7741785b-8d9e-4449-980e-305f15acaba0,event-117,Presentation Skills - Competition Web Dev 2007,"Modi perferendis nesciunt hic dolores eligendi alias. Provident delectus quis consectetur illo suscipit.
Officiis necessitatibus eveniet quaerat alias quasi."
4375202f-ab95-40e1-b29c-ffedb30c92e0,event-121,Presentation Skills - Conference Cloud Computing 198,"Tax when ten campaign item catch language behavior.
Recognize bank compare minute. Ago everything lay really."
67a33a42-33c9-48c3-803f-ee26b706bd7d,event-93,Leadership - Conference Web Dev 2023,"Attack agreement yes war American out reality. Child upon whole owner. In structure be professional.
State speech subject discuss. Realize interesting security house chance glass."
cf5c02d0-fae9-4744-bdaa-bc86daae9c5d,event-17,Project Management - Workshop Cyber Security 1984,"Indeed manage staff strategy husband film mean.
Move but bag environment. Attorney professional open exactly yet sister for attention.
Consider day light. Imagine company adult region so he."
af39f5c0-84e3-416d-b27e-e68bb89d4f78,event-37,Project Management - Workshop Cyber Security 1979,Why challenge after understand positive study machine. That week him difficult white. General parent start would girl meeting morning each.
