id,lembagaId,name,description
9bb6cc42-328f-455e-b6e7-22fe2f6d82ea,lembaga-6,Innovation - Himpunan AI Society,"Officia excepturi officia reprehenderit.
Nobis eligendi ea tempore neque aut nisi. Molestias pariatur rerum ut eveniet. Alias nemo reiciendis itaque quibusdam aut incidunt."
b7d484bf-7385-4ddb-8d12-09cb02344da2,lembaga-15,Innovation - UKM TechFest,"Only education hard particular. Nature window event action left ability.
Item another free stuff.
Bill least debate great my. Space finally here through organization treatment."
65867a97-7b22-42ab-84bb-567aaea35b51,lembaga-2,Innovation - UKM Cyber Security,"Ullam ullam architecto soluta odit optio officia. Officia culpa earum ullam.
Sequi qui nisi nisi porro. Reiciendis mollitia quae adipisci quo nobis veniam. Aperiam nisi maiores facilis."
3dd11231-8b4c-42a8-80cf-3fc986a7478e,lembaga-19,Mentorship - UKM Data Science,Voluptatibus fugit ab minima magni quaerat ab. Eum quidem illum odio soluta aperiam atque. Inventore sit reiciendis dicta temporibus. Distinctio ex accusamus laborum.
7903cd76-d254-44ef-ae1c-5e3eb9d97156,lembaga-4,Community Engagement - UKM AI Society,Reprehenderit ratione quidem quis minima itaque blanditiis quas. Aspernatur quod ipsam.
447382ba-190a-429a-9ad4-ab7dff9ab2bd,lembaga-7,Strategic Planning - Organisasi AI Society,"Two maybe trouble property himself. Any experience several send. Ability window tell.
Child view record rich after couple."
43e2c438-74e4-4efd-9864-724a58ef9f6f,lembaga-7,Social Responsibility - Organisasi AI Society,"Focus ability floor outside. Ago much news only. Husband enter into stay may want. Ahead idea possible group at.
Appear popular most national whatever Republican."
429143a5-8040-4096-bb34-4df20b140b33,lembaga-1,Community Engagement - Himpunan Mobile Dev,"Repellat sint quod facilis iure deleniti quo. Minima recusandae ex minus a non eum in.
Praesentium in distinctio maiores aperiam autem odio. Voluptatibus veniam unde iusto illum natus."
d9ab4c7f-2a50-47ed-8282-b697f64ee3c5,lembaga-8,Research Skills - UKM Coding Club,Enim ducimus dolores quo neque quos nulla. Porro aspernatur quaerat magnam. Minus alias quaerat pariatur quasi. Deserunt officiis et dolores nihil omnis optio.
2f5eab78-6d9e-4b4c-925a-1177a3e8debd,lembaga-3,Organizational Management - Organisasi Cyber Security,Opportunity responsibility ten work if stock return at. Health learn beat fall hope.
5c8d6766-56b2-4c76-af17-a5d986a023d1,lembaga-13,Social Responsibility - Himpunan AI Society,"Operation maybe media even drive. Recognize pull quickly per best yourself consumer.
Change pick budget a gas style market."
838cf36f-3339-4177-87b7-c6bacc24c3fa,lembaga-5,Organizational Management - UKM Web Dev,"Provident occaecati amet corporis facilis nihil dignissimos. Ea illum nesciunt placeat. Vel magnam impedit iste.
Architecto fuga tempora. Minima eveniet eum."
79b634a3-bf75-49ed-b662-4bff8cf9d4f4,lembaga-13,Community Engagement - Himpunan AI Society,Totam aliquam illo delectus laboriosam. Incidunt architecto sed assumenda temporibus. Non adipisci porro quo. Tenetur voluptatibus pariatur adipisci facilis ullam facilis.
1e7dfe68-ead9-487f-bc3b-a445dadf7caf,lembaga-7,Digital Literacy - Organisasi AI Society,"Inventore hic inventore doloremque at. Voluptatibus impedit eligendi officiis occaecati praesentium accusamus eaque.
At aliquid recusandae velit."
1c0ba1ec-705c-4fd2-bba8-cb25a25335e5,lembaga-1,Community Engagement - Himpunan Mobile Dev,Aut velit assumenda dolorem ab. Soluta nostrum veritatis voluptatibus quod recusandae minus aliquid. Aliquam cumque vitae similique repudiandae possimus eligendi sint.
a3d043d1-d982-4cb7-8398-c76f6f0302dd,lembaga-10,Community Engagement - UKM TechFest,"Room three customer. State step contain allow may pass.
Specific seat simple campaign parent raise."
6ce000ab-0c11-40b1-9daa-6c762ddfe904,lembaga-8,Social Responsibility - UKM Coding Club,Room professional tell politics development try kid lose. Attorney commercial tax.
959bbfe0-1ec3-4445-99ff-82afceba45af,lembaga-13,Innovation - Himpunan AI Society,Perferendis impedit in amet molestiae officia.
873965b4-d680-4da9-aa29-4640bd4e8cea,lembaga-2,Community Engagement - UKM Cyber Security,Ullam eius ipsum ex dolorem omnis. Ducimus excepturi debitis dicta id magnam debitis. Sapiente voluptatem a minus dolorem dignissimos.
02a4e882-9305-40d6-a452-d0b1207df731,lembaga-16,Community Engagement - UKM AI Society,Distinctio dolorum repudiandae quidem asperiores veritatis voluptate. Id veniam enim veniam dolorem. Sunt distinctio vero ducimus ducimus minima perferendis molestias.
717be0cb-2389-4340-8bfd-cd16802fecea,lembaga-6,Mentorship - Himpunan AI Society,Dolore dolorum veniam debitis soluta voluptatibus. Quos sed molestiae quia minus. At voluptatum ducimus consequatur laboriosam.
c8687b0f-91ad-4c6f-80c9-10e5c8137ace,lembaga-14,Research Skills - Himpunan TechFest,Like include ability civil town. Bed need put director much technology vote. Yourself great visit hard could thought fund.
6ea6502d-9eba-4985-9498-30492217b597,lembaga-10,Organizational Management - UKM TechFest,"Similar order marriage statement officer. Finally throw matter over. Pattern subject whether stock several office bank.
Upon rest fund since the by. Within bring drive toward."
103b695a-6be0-4cd4-9c60-5cc22577beb6,lembaga-18,Community Engagement - Organisasi Robotics,Ball black personal catch truth conference cost. Decide player mention even risk. Finally before kind building network glass early. Section determine goal per.
788e4ec3-d828-4dcc-9c5f-ff4d30000850,lembaga-8,Innovation - UKM Coding Club,Modi voluptatibus consectetur porro totam. Consequatur molestiae deserunt veritatis recusandae ipsum.
59abc4b2-1f0f-443b-a971-6f25b39f0a47,lembaga-3,Research Skills - Organisasi Cyber Security,"Good pay son home concern. Federal center away speak large. Eat exist hospital radio speak or avoid. Threat rich chance voice west accept.
Firm road network experience someone street."
2c387d99-b2cc-4e84-b460-a86f98545af7,lembaga-13,Innovation - Himpunan AI Society,"Quam ea quasi libero. Ad libero vitae nulla vero provident nostrum.
Eveniet harum ipsum porro aut vel quis. Rem neque quos."
f0cd7d03-8046-47b2-ba81-b1e19acb1a43,lembaga-12,Digital Literacy - Organisasi Robotics,"Scene clear some former. Offer show bill change state. Relationship by world hope. Claim agent meet road office figure.
Top police hear step spend arrive strong. Cause throughout Democrat."
1d603f54-448c-405e-8707-234ee7a2cd09,lembaga-2,Innovation - UKM Cyber Security,"Staff because wait help staff focus despite. Mr ok be sing.
Trial subject serve I policy.
Would the arm source woman. Scene pick true hold. Region better trip anything woman collection explain."
2e58351f-f7db-41ce-89b8-f792a83cba0a,lembaga-15,Mentorship - UKM TechFest,Organization central away outside national walk win officer. Price property his morning Congress. According difficult red. Customer since agency law better discover.
0419bd9e-98f6-4910-aefd-4c95470089fe,lembaga-7,Research Skills - Organisasi AI Society,Tenetur nemo facilis veniam at non. Quas itaque delectus aliquam iure accusamus veritatis tempore. Facere numquam occaecati corporis blanditiis error earum.
e4d1a7ae-966d-4401-9058-c0b0d0ba68ca,lembaga-20,Academic Excellence - Himpunan Robotics,Son year deep walk conference pass peace. List trouble believe others parent more.
bc304bc7-4be9-41ad-a6ef-6040048f87d5,lembaga-16,Academic Excellence - UKM AI Society,Tenetur ab ducimus dicta beatae voluptatum ipsam. Pariatur eveniet quisquam tenetur maxime accusantium dolore.
58e0dcdf-52c4-4f5f-ba88-8d2d2963f9bf,lembaga-9,Social Responsibility - Himpunan Coding Club,"Voluptatibus nobis illo ullam natus dignissimos ipsum. Veritatis similique fugiat non. Eos consectetur sit dolorem voluptates dignissimos natus.
Repellendus aut excepturi veniam aut minus mollitia."
286c06a3-87b8-47c3-8ac4-dcde30d476bf,lembaga-20,Strategic Planning - Himpunan Robotics,"Ad sequi deserunt itaque molestias deleniti. Exercitationem corporis officia in saepe ex voluptatibus autem.
Mollitia adipisci tenetur maiores in in. Voluptatum ex unde nihil ipsam quas."
270d7297-1b03-47da-9579-1605d5265c35,lembaga-14,Organizational Management - Himpunan TechFest,Suscipit minus velit reiciendis corporis sunt. Rem accusamus sed voluptatem pariatur exercitationem. Sit exercitationem expedita voluptatem delectus.
60a0176a-ecbb-4f04-88aa-c8d8062df0a1,lembaga-13,Strategic Planning - Himpunan AI Society,"Consequatur commodi facere maiores ab in magni.
Molestias eum eum animi eaque soluta maxime. Temporibus repudiandae illo enim quod et consequuntur."
0158e788-05f3-4afd-951b-0c5a22e22880,lembaga-17,Innovation - UKM AI Society,Change must suffer program. Station memory manage friend. Decision daughter under without low.
97e3836c-42b5-4d2e-9253-8c5db83d433e,lembaga-1,Mentorship - Himpunan Mobile Dev,Dolorem suscipit id recusandae. Amet facilis nisi quod necessitatibus. Quas exercitationem fugiat quae cumque accusamus.
ae43b6ec-8079-45c6-ac54-05083145fb9a,lembaga-3,Community Engagement - Organisasi Cyber Security,"Oil respond three. Consumer agree week woman small. Party story to subject pull.
Authority themselves education star. Perform every finish wide Democrat prevent."
