id,user_id,subject,topic,description,status,created_at,updated_at
309640f1-32d3-47bc-85c7-808d4b11952d,user-38,Quam magni expedita laborum modi eligendi illo.,Bug Report,"Vel nisi omnis dolores totam error. Praesentium dolores id doloribus illum dolor quae.
Ipsam molestias odit corporis vitae doloremque. Atque officia provident sit porro maxime dolores. Quisquam quidem labore dolorem quisquam.
Unde ipsum ducimus ipsum deleniti. Impedit fugit quas vero consequuntur hic fugit. Incidunt sit totam vel deserunt harum neque repudiandae.",Open,2025-09-02T20:58:10.393547,2025-08-24T22:08:03.190658
4aafb920-69bd-430c-8810-83c11965b0c4,user-70,Totam illum quos delectus debitis veritatis cumque.,Technical Issue,"Ullam saepe voluptatum tempora. Beatae asperiores et culpa. Veniam fuga ipsam eligendi ex excepturi ipsa.
Praesentium voluptate sint aperiam necessitatibus qui quod. Impedit illo voluptatibus corporis aperiam dolorem.
Eum fugiat corrupti repudiandae. Quidem veniam dolore exercitationem. Porro ex facere explicabo rem doloremque. Officiis atque eaque ea est cum.
Porro odio ipsam vitae adipisci fuga et saepe. Numquam harum quae eius.",Resolved,2025-09-20T23:16:32.751459,2026-01-03T22:26:55.558439
412f265c-bd58-4842-8c79-9f7d447bc033,user-62,Sint ad aliquid hic.,Account Problem,"Ut illo perferendis quibusdam ipsum asperiores sapiente. Sapiente magnam consequatur atque maxime minus.
Natus accusamus cupiditate at natus harum nisi.
Asperiores quas quisquam est libero laborum. Temporibus quod laborum quae reprehenderit est.
Cupiditate provident fugit ex nam amet. Mollitia eius eaque. Numquam nam enim. Tempora exercitationem autem placeat.
Culpa numquam enim iste at atque. Magni voluptatum vitae accusantium. Facere doloremque temporibus ullam natus.",Closed,2025-11-25T04:59:51.082046,2026-05-10T04:55:27.296855
544b1191-c32a-4258-8b5a-6a8d1b836e65,user-89,Break into player could.,General Inquiry,"Cell once everyone letter hotel computer mouth investment. Old sing kitchen where she up.
Brother her kind moment. Ground ahead many later. Prove camera price sometimes author trade sit vote.
Which its financial. There home memory similar easy. Material various entire American.
Short opportunity cause keep trip me make. Home parent your several he include. Subject true author.
Politics we social walk relationship to. Standard trade politics rule five make. Son toward option hear any not.",Closed,2026-05-28T14:47:57.261969,2025-08-19T12:53:47.625278
8c21cfc4-9930-488d-9f7c-624efa4cbc89,user-37,Purpose region property upon include.,Feature Request,"Amount rise quickly a include size size. Natural like food necessary about Mrs. Brother such grow others or market. Will none particularly food enter item hope everything.
Important couple school little property happy world around.
Never suffer get. Likely could form everybody action outside even.
Lay wear you window word security. Good remain move.
Quality product half open meet even.
Relate act staff carry job of. Local current young main.
Century personal form on issue.",In Progress,2025-09-19T01:48:32.047522,2026-02-21T05:15:53.464696
8ebdad3f-f56a-4917-8ffe-6f68e8448ecb,user-47,Message senior analysis decision local.,Technical Issue,"Quidem vitae impedit non vero eveniet fuga. Atque cum autem nam voluptatem soluta ea provident. Officia harum alias.
Dolores optio sit quo. Debitis laborum nemo accusantium esse dignissimos eveniet temporibus. Facilis molestias nulla nam tempora fugit doloremque.
Soluta vero provident corrupti. Qui officiis labore expedita qui nobis facere.
Mollitia laboriosam quia repudiandae. Fuga accusamus harum laboriosam.",Resolved,2026-06-20T01:04:58.434552,2026-07-18T08:05:15.502500
49731fec-846f-4eb9-a38f-aed6cffc725b,user-45,Error pariatur explicabo similique quasi nisi debitis labore.,Technical Issue,"Nihil labore odit. Placeat dolorum quo maiores reiciendis temporibus. Expedita molestiae dicta. Quia facilis earum ea expedita reiciendis.
Facere dolorem incidunt. Sit debitis sed iure enim nobis cupiditate ratione. Cum quidem occaecati culpa quod tempora ipsam.
Id assumenda in magni quibusdam mollitia libero. Eius ratione saepe nesciunt. Corporis cum enim labore at optio modi.
Laborum accusantium sequi cupiditate veniam ut reiciendis tempora. Esse modi fugiat unde totam aliquid esse.",Open,2025-09-26T08:53:30.337869,2025-09-21T04:01:18.173444
310705a1-0041-45b6-9708-1af1005d2b81,user-2,Line building everybody company away future less.,Technical Issue,"Est tempora corrupti fugiat quia sunt non. Nemo consequuntur sint vero occaecati sunt. Sunt nihil corrupti necessitatibus.
Itaque magnam voluptate nisi eius nulla dicta fugiat. Nemo enim officia eos facere dolore totam. Nostrum ab cum ad earum.
Ut vero aut asperiores culpa. Veniam tempora nobis cupiditate animi rerum incidunt.
Tenetur consequatur occaecati optio.
Repellat necessitatibus est a. Praesentium odit in sit natus ratione assumenda.",In Progress,2025-12-16T15:58:01.245321,2025-11-06T09:39:05.673386
a9eb4d6c-bf07-439e-8819-9925014d8f85,user-11,Take almost hope early table read.,Bug Report,"Reality day money. Carry thought against girl especially write.
Find type weight relate. National why into. Reduce can letter product number down blood benefit.
Modern four tough have citizen fine. With media now. Think director small citizen seem.
Nor never help product school cost of. Necessary turn air against teacher hit by.
Job positive gun rather describe music suddenly. Perhaps specific ball force party. Minute policy figure current college ready ahead.",Open,2025-12-18T11:38:09.745659,2025-11-12T12:12:00.137952
269fcf3a-a10f-4b4a-998f-e2eeaee73c04,user-1,Voluptates in sint animi ratione asperiores ipsum.,Bug Report,"Reason father receive me visit make. Good half less leader. Goal agreement thus look position director.
Table move idea contain society protect. Management dinner share next garden. Food worry those scene science strong other.
Prepare upon instead management deal husband performance.
I condition require clear. Agent fund policy culture create property them.
Bar only reflect society. Pay science become she unit technology. Front half also low technology. Together whom minute fear.",In Progress,2025-08-13T14:47:06.759866,2026-05-09T17:44:44.123544
9d8e209b-d49e-436e-b846-6456d3ce8ac7,user-15,Doctor good interest on us.,Technical Issue,"Consequuntur velit occaecati sunt. Aperiam pariatur eveniet quod veniam. Dolor eaque beatae dolor.
Occaecati beatae expedita sunt. Vitae provident nam dolorum aspernatur quidem.
Illo cupiditate perferendis reprehenderit eos nostrum quia quas. Asperiores libero provident numquam animi. Ea non in eveniet distinctio.
Impedit dignissimos mollitia consequatur impedit voluptas veritatis. Tempore atque provident quasi fugiat ea dolore.
Animi id quo iure.",Open,2026-02-03T05:26:30.975323,2025-10-10T19:42:05.479975
c2a2f223-4b4f-4d75-81c3-859bc0af8f03,user-52,Industry human window government expect.,Bug Report,"Ullam repudiandae totam perferendis. Modi veritatis veritatis esse iste.
Praesentium laboriosam reiciendis velit atque. Autem laudantium magnam molestias assumenda est cumque unde. Numquam blanditiis ut tempore.
Quis tenetur est incidunt quae. Accusantium veritatis cumque quae. Harum earum eaque et odio distinctio ipsam.
Eveniet autem quidem nostrum nobis perferendis ea consequatur. Nulla delectus numquam ipsam.",Resolved,2025-11-25T19:33:27.051723,2026-05-21T08:11:30.446508
e7bba163-8bb2-4500-871c-616e9576ef93,user-3,Dolores mollitia ipsam est ducimus soluta.,Account Problem,"Change seat hold maybe. Local decide hair artist plan reality drive. Others speech beautiful total training successful other fact.
Would manage cold view. Development federal responsibility far wonder real major. Approach trade hour poor.
Play behind lay available easy box lawyer. Her like reveal ever economic employee even current. Focus with movement discuss.
Less away no executive. Account free soldier laugh may general painting. Media question news nation prepare let camera.",Resolved,2026-01-17T15:39:35.395668,2025-12-19T08:17:06.030848
3d38c94c-1364-46f7-8bad-a07e9a42bdf2,user-67,Ipsa neque deleniti tempora minima quas.,Account Problem,"Reprehenderit ex odit accusamus. Iste ullam reiciendis voluptates ab.
Eos aspernatur placeat odio eos. Iste at ab nulla.
Nobis facere consequatur necessitatibus ea voluptates molestiae. Eligendi ratione fuga ad magni ut. Architecto a vero iste.
Velit dicta repellat.
Exercitationem voluptates incidunt voluptatum recusandae hic aperiam dolor. Inventore beatae quibusdam facere earum nulla eligendi. Iste aspernatur fugiat soluta quas maxime.",Open,2026-05-04T09:18:29.157655,2025-09-06T17:12:44.198279
6d5675c6-b03d-4755-a6cb-c47d64cb7d89,user-85,According war describe sign.,General Inquiry,"Heart image policy possible should letter. Product treatment partner court individual space follow type.
Imagine father lay research phone stage base. Weight campaign similar.
Thing I enough husband such check main continue. Win little yourself beat tend statement suffer.
Really short listen point speech base. Market arrive form check type than. Drive do country mean door particular food.",In Progress,2025-12-28T13:26:53.041418,2026-06-05T14:18:37.492243
d8e9128f-0dd3-41b9-ac7e-bd354051d950,user-41,Support whose particular turn.,Bug Report,"Town very go hold some late there.
Near believe generation cause personal. Rest again forward agency.
Kid often collection size film appear loss. Bar two pick item machine station himself face. Test few girl next.
More education have leader maybe along key. Mother reality only parent just at response. Establish radio model conference single land. Huge fly tell force something language.
Anyone door teach single board structure at. Nothing live whatever. Treatment employee win us age.",In Progress,2026-02-27T20:35:15.086571,2026-04-10T19:59:29.054705
c3639fb5-9cbf-41ac-be4a-969f0b270ed1,user-27,Harum dolores maiores quis unde quo.,Bug Report,"Exercitationem voluptatibus earum doloremque. Natus numquam eius ipsam optio repellendus. Nisi temporibus earum assumenda animi asperiores provident.
Praesentium est delectus excepturi iusto quas. Alias ducimus est tempore rerum nihil possimus.
Quo accusantium iure sed officiis doloremque ad. Ratione non modi minima.
Molestias laboriosam dolor. Alias blanditiis excepturi earum excepturi libero.
Animi error odit necessitatibus libero voluptates asperiores. Quidem aut exercitationem assumenda.",In Progress,2026-07-05T16:57:17.070618,2026-01-20T11:46:31.287426
ea9d62da-820d-47a6-982d-86db9c6ef157,user-30,Drug strategy new suddenly edge beyond officer successful.,General Inquiry,"Carry drive big develop cut. Apply arm control kind chair much.
Apply charge reduce write themselves. Employee still side very lay level future. Free begin then site already yeah.
Attorney various visit stuff easy organization. Seat either method. Third full increase purpose discuss.
Believe cut call. Trial century even left speech take. Crime personal play reality.
Send enough attack little. Believe claim determine fund. Bed game produce finally answer difference.",Resolved,2026-02-25T20:52:34.728564,2026-05-14T13:34:09.712317
e44e96c3-2234-4ad1-ad0c-f6200d2f0b29,user-78,Food leg prevent town mother building heavy.,Technical Issue,"Actually cold million course up main career expect. Pay nearly and officer serious PM whatever theory.
Expert offer medical good present necessary reason. East will bit.
Own where various tax while bit. Relationship near consider never. Industry them box however trouble page.
Plan participant how read design between research. Analysis first write give. Success suggest type organization.
From red age ten. Exist cause adult rest perform bed finally. Full we worry minute either decision.",In Progress,2025-12-08T22:32:01.094952,2026-02-21T16:44:07.347904
1f005e98-2821-4b3c-9bc3-b3a1e9fa3745,user-37,Mollitia exercitationem aperiam quis.,Account Problem,"Explicabo ab quo perferendis provident error. Cum quaerat dolore corrupti. Error beatae sapiente accusantium natus earum.
Vel consequuntur vero quis perferendis. Harum dolores consequatur sit expedita similique. Adipisci id fugit quo.
Exercitationem asperiores consequatur autem. Nisi ipsam ipsa delectus consequuntur ex itaque.
Harum eaque facere at ea eos. Nesciunt illo eaque cumque. Quas optio dolore dolorem.
Atque esse dignissimos. Dolores corrupti odit.",Resolved,2025-08-11T09:14:41.016853,2026-01-08T12:57:13.769829
fa475c09-d59f-468c-94dc-792a49bfbd04,user-83,Form southern nature represent area material common outside.,Technical Issue,"Me model knowledge response. Go put school section.
Million ball include city both color. Film eye have together appear fine. Money despite clear usually.
Woman those teacher. Fish concern dog matter seek very. Since candidate despite where training appear.
Buy inside peace teach son pick. Interest sell actually across forward than day.
College together best information dog number final. Fast less father around from power few.",Open,2026-02-26T18:34:44.347156,2025-12-19T07:36:29.960437
e8aed310-f59f-4f68-99c4-b8e810def1ab,user-23,Enter while Democrat role scientist may measure.,General Inquiry,"Mr we field too. Education apply threat tend blue attention. Child old see wonder among woman order.
Whether boy game fund officer argue any. Job social north head source.
Smile office truth force high theory human. Treatment night whom miss far unit.
Task work north public us. Hold wall present moment deal open.
Story lead itself type believe beat produce. President time garden president weight. Lay require tend star.",In Progress,2026-05-01T08:15:30.991283,2026-07-12T13:48:46.622751
24e399b3-0ec1-4de3-971b-7965cc92b698,user-35,Eum necessitatibus dolorem quia ut tempore a.,Account Problem,"Excepturi tenetur eveniet iure esse repudiandae quaerat ullam. Odio possimus accusantium.
Architecto odit quibusdam fugiat.
Similique nobis omnis dolorum aliquid laborum a. Reprehenderit magnam autem eum suscipit cumque. Doloribus dolores magni dolore cumque possimus eligendi.
Maxime officiis at at. Possimus deserunt corrupti alias deserunt veniam. Nostrum quas a maxime itaque. Tempore iste quae.",In Progress,2026-07-23T13:11:10.514055,2025-12-13T17:03:53.889031
7f7a54c9-507d-4b4c-bf3a-d68d78ef418e,user-66,Aliquid iure expedita quia.,Technical Issue,"Ea reiciendis ullam voluptas porro magnam. Ad doloribus cupiditate cupiditate. Suscipit tempora consectetur quos.
Impedit quasi iusto. Animi quas dolorum ex itaque.
Fugit beatae officiis quaerat reprehenderit. Vero repudiandae sequi molestias quibusdam ad fuga. A vel minus labore possimus temporibus odio.
Voluptas excepturi nisi commodi nostrum. Architecto consectetur unde ipsum provident itaque ut. Repellendus quisquam consectetur nesciunt optio iusto tenetur accusamus.",In Progress,2025-10-29T15:34:02.824053,2025-12-20T07:55:22.347555
87f8da97-adec-4fe9-bddd-9a01ff870477,user-86,He reflect TV sport during dinner break strong.,Feature Request,"Qui esse vel ullam non libero.
Deleniti impedit sit natus alias. Fugiat nulla eos ad at incidunt. Molestiae sint magni sapiente quos qui non.
Ex deleniti beatae. Error assumenda adipisci similique eveniet tempore amet hic.
Dicta veniam iure minima consequatur nemo. Atque rem commodi iure. Exercitationem beatae aperiam earum vero reiciendis accusantium quod.",Closed,2025-11-16T18:35:39.717768,2026-04-28T04:41:13.333116
af3945b4-bbd4-4b97-93d3-43ad4852aeaf,user-77,Possimus qui repellat alias magnam vitae neque.,Technical Issue,"Minus nisi quis quam. Harum dolore eum alias perspiciatis. Atque ab nostrum dicta autem numquam cumque.
Cum ipsam odio. Fugit delectus non molestiae minima eum numquam. Fuga mollitia sunt exercitationem.
Libero delectus veritatis sit aliquam amet tenetur. Reprehenderit dolorem laboriosam provident.
Ex facere molestias illum eos. Amet adipisci recusandae repudiandae dignissimos. Sed quas nulla praesentium provident sint.
Nam possimus veritatis at.",In Progress,2026-01-13T15:08:00.510171,2026-07-22T18:35:05.148556
8d0011ed-e2b9-4600-9f22-e1ca7bc6b2ca,user-44,Non assumenda odit dolores optio omnis veritatis.,Feature Request,"Reason raise house sense necessary much general character. Democratic box table step. Image his color yourself series.
Behavior view pattern. Information building town any reveal.
Family peace reveal give once cup. Day only read fall get. List respond method exist.
Store ready task yet former detail. Less goal majority until continue.
Item stuff after customer age there fish. Act avoid hour. Rest somebody speech treatment camera. Animal life case song usually job.",Closed,2026-06-27T19:39:28.296251,2026-05-25T07:23:33.070625
751641be-e77d-458f-8a32-e2bc5e029625,user-76,Corporis culpa perferendis blanditiis modi culpa.,Bug Report,"Want buy but appear. Behavior generation pass opportunity benefit allow.
Authority artist art simply. Market night necessary kitchen low yet strong. Knowledge listen consumer discussion.
Western property least effort can shoulder. Father performance set think us. Court want doctor not during together.
Different feeling blood hot those. Soon paper them night thus will mention. Let cover whose. Cup laugh break be shoulder beautiful.",Open,2026-07-09T12:39:08.640559,2026-02-13T19:17:23.317013
2420a83e-84e9-4d36-a3a0-80a75946bcf5,user-46,Reiciendis placeat quas dolorem.,Account Problem,"Tend consumer already remember human effort. Establish create reason.
Head tax side along. Store work high at our just.
Mind high indicate account point game year class. Work large agency set nor culture trial.
Rather trial physical through. Break middle always. Religious main identify inside sing above.
Until report shake either east tell choice.
Black experience minute minute. Foot a of indicate little give common. Then natural until last window establish.
Artist door upon recent specific.",Open,2025-08-10T11:09:25.162022,2026-05-05T12:28:41.458991
a282532f-cc1c-4879-938c-305198b9c477,user-31,Five stage race spend hand.,General Inquiry,"Quibusdam illo totam occaecati totam. Repellat modi repellat eveniet laborum labore velit. A quidem corporis culpa. Id qui qui voluptates officiis ipsam.
Incidunt doloremque quod iusto ratione. Doloribus eveniet quod iure reprehenderit modi nihil illum.
Harum placeat temporibus dolorum tempore suscipit distinctio.
Iure distinctio iusto nulla ex deserunt quasi. Atque aspernatur voluptates possimus ipsum.",Closed,2025-09-24T23:54:57.959641,2026-04-04T05:11:17.377316
eaf32c8c-6b1e-4e9d-b89c-0745dbefaa02,user-12,Manage full candidate interesting travel.,General Inquiry,"Leave sure take support think. Middle painting require him nearly support traditional. Employee might into keep type.
Oil feeling about evidence million. Officer number white both light heavy.
Report child real child high safe phone up. With product whole court.
Recognize camera age southern chair indeed. Role western two election feeling what remain.
Local around reveal image impact no. Front quickly most sport. Approach so return billion. Operation official reason rest someone add.",Closed,2026-04-01T02:27:48.880192,2025-08-18T00:34:11.802785
a0269962-917c-4ac9-89d9-835a810b0604,user-60,Ipsum cum minima saepe ut facere assumenda.,Technical Issue,"Kitchen free its edge community. Game as media necessary amount this.
Million claim while. Drive common note foot life mean.
Should recognize worker rock risk mention. None avoid left stand. Administration skin season statement fish best quality will.
Realize the small inside doctor research rock wish. Practice education image history inside. House personal Republican report.
Operation low cause staff nearly whom. Hospital store threat environment. Middle institution government former.",Closed,2026-05-11T19:45:00.346171,2026-02-21T07:25:43.196579
3b183450-ca77-4cc1-9db6-47e92e7c7c31,user-82,Account method activity name great.,Technical Issue,"Error accusantium porro commodi incidunt.
Et autem temporibus quaerat voluptatibus harum voluptate quibusdam. Dolorum suscipit earum quo facere tempore.
Ducimus itaque numquam vel. Consectetur alias aliquam praesentium nam deleniti.
Molestiae sed in suscipit magnam. Ut pariatur suscipit. Nihil officia at asperiores voluptates a. Quae quibusdam laborum est nam facere nam.
Sed vitae ipsa est.
Minus cumque quos natus autem. Debitis dolor veritatis magni consectetur fugit.",Closed,2025-12-25T11:13:27.934150,2026-07-16T14:21:23.523484
08c7da52-6835-47b8-a16c-4976828852ad,user-43,Social this accept understand because.,Technical Issue,"Size only TV himself deep compare. Very war politics pass pattern occur. Student author inside less father. Color through include five soon.
Argue administration play financial imagine present. Garden set with note smile official economic know. Market generation fight support responsibility. Opportunity thousand high protect Democrat born weight.
Effect Mr ball environmental could school. Commercial need go teacher thus identify. Present answer Republican however event.",Closed,2025-10-09T03:56:49.460062,2026-07-02T20:55:14.645730
f7842c9d-0044-4a03-a711-e59cb09c2682,user-99,Aut consequuntur debitis dolore consequuntur quae.,Bug Report,"Door stand suffer. Such me ask.
Prevent thousand wrong interview rule thank at. Idea free create air local able pretty.
Her available night public. Each friend production bad.
Air within look enjoy offer after sense night. Serious sea section to occur property.
Ok computer why lead age feel. Into or her detail thought owner bill.
Half total garden someone board. Mother important fact table reflect join than.",In Progress,2025-11-25T07:32:36.280659,2025-10-22T20:27:07.639334
dc3b7436-4430-4c88-9b6e-0bcbc48f8e70,user-59,Trade play sometimes conference reveal guy power.,Bug Report,"Before southern deep common. Himself fish firm. Property poor kind too threat.
Certainly probably side anyone during. Avoid none just conference. Represent yourself tell support never news such.
Difficult mission both pressure. Color hold return today pretty.
Later be realize maybe team remember significant and. Along light reflect official. Process million report change dream again eight.
Mrs adult line on discover safe exactly. Term material arm.",In Progress,2025-10-24T15:22:09.108204,2026-01-30T15:49:23.120151
f92a9507-78de-4574-ac65-4c502941a857,user-37,Molestiae ad laborum consequatur necessitatibus.,Bug Report,"Firm third skin mention. Scene national born could. Around ability early line compare eight deal. Commercial stuff several sister someone group material.
Value him operation green weight.
Part month fill sell college station. City represent response follow.
Task assume establish chance probably current. Lose wind party rise war any. Walk news affect policy about authority.
Long whether music. Compare decide Mrs member. Left better discover decade government ever.",In Progress,2025-09-17T21:48:43.862575,2026-06-09T00:51:32.321826
0430cb6a-286f-47ff-bec3-3dbe4bec701f,user-38,Tonight thing page factor result.,Technical Issue,"Inventore nam non. Fugit asperiores quae.
Molestias totam harum aspernatur numquam id ipsam. Occaecati neque dicta laudantium. Quam odio nam molestias est.
Fugiat nam occaecati reprehenderit quam sit. Mollitia vitae vel.
Et praesentium cupiditate cumque earum. Atque culpa autem dignissimos quae deleniti. Minus distinctio tempore provident. Sit maxime quisquam repudiandae expedita repudiandae iure.
Accusamus officiis consequuntur. Impedit nihil quaerat magnam nisi enim minima.",Closed,2026-02-09T22:30:56.232481,2026-01-14T23:31:42.492063
68a1c2f4-0f75-4b2b-bf5e-ff9af2209a6f,user-71,Molestiae quos itaque asperiores nulla nihil.,Account Problem,"Unde dicta laudantium rem. In exercitationem dolor doloremque adipisci officia ducimus.
Cupiditate facere sapiente placeat sed reprehenderit earum ipsam. Debitis ex recusandae reiciendis a quam.
Nostrum suscipit recusandae voluptas nulla. Minima officia vero ullam illo neque.
Qui quod quod animi esse repudiandae quis. Odio eligendi unde sunt. Eveniet numquam tempore dolor officiis omnis.
Cupiditate nemo corporis consectetur soluta. Vel exercitationem eaque asperiores beatae accusantium vel.",Open,2026-07-29T06:45:13.792596,2026-01-28T21:10:30.977943
3dc8c683-98ef-41b6-80a3-c4264bb12449,user-37,Training science fund off.,Account Problem,"Rem corporis facilis aut.
Atque atque officia ipsam rem a. Nobis dicta doloribus expedita excepturi quisquam.
Commodi culpa fugit officia aliquid itaque labore. Suscipit optio esse incidunt veritatis eaque.
Dolorum explicabo eius porro sint quae. Sapiente repudiandae repellat odio ipsa ad.
Quod reiciendis fuga temporibus. Maxime asperiores necessitatibus dicta. A quaerat praesentium omnis esse.
Eum optio animi accusantium laboriosam reiciendis. Corporis reiciendis provident.",Resolved,2025-12-07T05:31:59.858716,2026-04-16T09:46:42.025916
