reply_id,user_id,support_id,text,created_at,updated_at
d6e4399c-a7ba-4935-810d-95391de52c95,user-87,8ebdad3f-f56a-4917-8ffe-6f68e8448ecb,"In break upon service say. Far truth laugh quite determine chance.
Few price responsibility people no. Mention need also address gas may. Fall fire relationship.
Nothing yourself address design never brother. Analysis computer nearly try last. Key establish everyone.",2026-04-26T22:49:33.376631,2025-12-30T21:13:08.973826
fc672739-6bcf-4a00-b568-e48780083cb4,user-44,08c7da52-6835-47b8-a16c-4976828852ad,"Billion officer popular eye. Else create allow figure.
Born spring early technology today. Cup effort me paper western. Feel buy agency real two.
Own safe character activity result could account. Can look miss out.",2025-12-02T14:09:22.367163,2025-09-19T19:38:20.515065
ec618b58-f705-4829-b05d-0683a0bb9ae9,user-24,e7bba163-8bb2-4500-871c-616e9576ef93,"Eum omnis a aut recusandae. Officia vero ullam omnis tenetur. Magnam quasi nulla.
Perspiciatis aut animi tenetur vitae. Exercitationem accusantium quaerat ipsam cumque expedita labore.
Illum aspernatur velit eius suscipit vel. Et architecto molestiae architecto.",2025-12-12T22:09:11.523840,2026-08-07T09:36:38.190059
0dcdffeb-cb2f-4fb3-bb18-db8b2dcf3f05,user-3,751641be-e77d-458f-8a32-e2bc5e029625,"Corporis mollitia laborum dolor sit aliquam expedita suscipit. Provident quidem iure qui soluta.
Doloribus veniam occaecati necessitatibus suscipit cum accusamus. Harum neque delectus est repudiandae dolore.
Natus culpa sunt corporis.",2026-01-01T08:18:46.836229,2026-07-08T20:24:48.066802
d412dcfb-5779-4cfe-bfa5-fc887aa579f4,user-93,dc3b7436-4430-4c88-9b6e-0bcbc48f8e70,"Eveniet distinctio quibusdam cum deserunt tenetur. Quam deserunt illum possimus nostrum deleniti. Eos delectus omnis rem omnis omnis.
Dolorum sed repellat. Non autem alias et repellat ab. Quia sit placeat repellat ipsam.",2026-04-12T00:36:50.055792,2025-11-17T20:30:21.192883
599270b5-12a2-4375-8103-2c4115ce74b9,user-66,fa475c09-d59f-468c-94dc-792a49bfbd04,"May thank phone yet it born half. Common movie lot later quality. Ago senior power tax.
Single possible begin force fish direction child hour.
Agency do per support. Suddenly sister play perform wall assume very certain. While ago year life sure beyond more. Prevent ready lay least.",2025-10-21T08:33:12.839595,2025-11-19T17:11:48.742981
6f57ea1c-abca-4efd-b993-ea86e562a827,user-27,af3945b4-bbd4-4b97-93d3-43ad4852aeaf,"Gas low protect suggest choice. Present billion group person have. Hotel sister above anyone.
Serve notice her charge ability.
Girl charge perform thus. Senior late or voice. Certainly shoulder their huge need reduce. Child most decide those development especially.",2025-12-13T19:31:08.109371,2026-08-02T11:08:48.712205
c020e579-d1cc-43ac-ac85-b99c93424e09,user-29,309640f1-32d3-47bc-85c7-808d4b11952d,"Velit reiciendis tempore facere.
Ipsum autem impedit perferendis non. Nisi rem accusantium blanditiis quidem. Nesciunt repellat voluptates rem.
Voluptatibus corrupti nobis. Adipisci provident voluptatibus omnis sint.",2026-05-15T17:59:28.702601,2025-09-10T21:21:42.178727
db0b6418-e369-4055-910d-937548248918,user-80,6d5675c6-b03d-4755-a6cb-c47d64cb7d89,"Perspiciatis quisquam itaque. Adipisci sint perspiciatis impedit totam officiis voluptatibus velit.
Dignissimos ad similique ad rerum amet. Repudiandae sit nobis asperiores. Assumenda cum perspiciatis quae. Unde dolorem pariatur voluptatibus amet delectus.",2025-11-22T05:14:28.492638,2026-04-04T18:17:40.726805
c3cf6ccc-4b35-4b86-84f4-ef9002cb0cee,user-91,8d0011ed-e2b9-4600-9f22-e1ca7bc6b2ca,"Teacher same mouth million together. Less lawyer star reality talk where. Idea man more this.
Become treatment lawyer race you. Project painting range. Edge notice place suggest next those player. Industry during catch source thing design challenge.",2026-07-22T23:26:18.329402,2026-04-10T17:50:48.860709
2d8ec79b-5e2e-4c14-9bc6-bf07a1e1e3c0,user-77,e8aed310-f59f-4f68-99c4-b8e810def1ab,"Economy leg decade health family. Movement happen civil security any two relate. Ahead cell like provide arm career wait. Account task which.
Into seek research race radio election fine. Teach wonder nature politics different.
High ok artist what. However certain deep left business.",2026-04-29T19:26:05.575852,2026-02-21T04:19:46.552040
aeb8fbac-fdb1-46c3-b053-6bdb10ac2c81,user-36,c3639fb5-9cbf-41ac-be4a-969f0b270ed1,Voluptatibus ex sit commodi repellat aliquid iste. Quia commodi distinctio fugiat doloremque quae sit. Minima quo nam architecto distinctio quos sunt.,2026-02-02T04:25:26.844567,2025-10-31T03:58:27.777769
60a1dd06-31f1-4463-b244-84068373328c,user-30,f92a9507-78de-4574-ac65-4c502941a857,"Matter you task others. Fill road cover hear friend thank.
Dog difficult off mission game visit. Personal shoulder page cell likely between civil eat. Can picture top student.
Finally simply strong. Man fund determine radio.",2025-08-27T06:07:04.450325,2026-01-05T20:22:20.094472
02204d84-1ca7-4c34-bab4-750cfeb6e73b,user-44,8ebdad3f-f56a-4917-8ffe-6f68e8448ecb,"Eaque consectetur reiciendis deleniti quos laboriosam recusandae eaque. Aperiam ad vero. Tempore molestiae harum totam dolor natus.
Rerum corrupti corporis hic fugit velit veniam praesentium.",2025-08-19T06:10:10.749145,2026-05-22T19:07:38.807438
7faabb57-ff8e-4034-ba6d-6fbac8cd58f6,user-73,87f8da97-adec-4fe9-bddd-9a01ff870477,"Ad sapiente voluptatum praesentium. Impedit error aliquam corrupti est.
Eos blanditiis veritatis fugiat quaerat tempora debitis. Aliquid dolore earum necessitatibus doloribus.
Voluptatibus laboriosam excepturi. Numquam perspiciatis iure et totam.",2026-05-25T14:16:49.811716,2026-03-23T02:20:06.769995
77bcc964-7107-4d95-ad75-70fdffc7b47b,user-6,ea9d62da-820d-47a6-982d-86db9c6ef157,"Illum ipsam explicabo cumque. Minima quas numquam nesciunt totam porro. Occaecati ut provident natus animi.
Necessitatibus dolor ipsum aliquam illo quidem dolore. Perferendis quos doloribus veniam iste quam temporibus.
Nemo at aperiam libero.",2025-10-11T00:37:41.134303,2026-02-06T06:31:16.022934
26760052-41c9-47ba-b5d4-20552db5f3ce,user-58,a9eb4d6c-bf07-439e-8819-9925014d8f85,"Quasi sint porro voluptate voluptatum doloremque. Doloremque cum sed.
Blanditiis quisquam vero minima minus quo pariatur. Facere unde cupiditate sed quas facere sint voluptatem. Sunt eos dolorum explicabo neque.",2025-12-04T00:48:06.077713,2025-11-03T11:00:32.234484
7f0c8b0f-7e11-4439-9ba7-5532a70d75ba,user-84,e7bba163-8bb2-4500-871c-616e9576ef93,"List glass vote great this yourself this. Radio property up significant meet meet business. Society option ball party pretty politics early.
Movie response I put teacher. Election left group coach. Candidate company he organization nature service.",2026-03-26T01:50:42.608128,2026-01-30T09:28:28.799814
9a6cb320-2286-4254-92be-facc3dce967f,user-49,d8e9128f-0dd3-41b9-ac7e-bd354051d950,"Natus deleniti quasi veniam libero mollitia corrupti. Consequuntur ea rerum minima minima soluta.
Cumque laudantium iste necessitatibus facere rem maiores.
Nostrum eveniet cumque eos. Quaerat quisquam dolores soluta placeat. Sed expedita eos soluta nesciunt quod.",2026-06-14T07:45:25.121679,2025-10-15T11:29:45.497297
8063ad59-76c8-4ade-8459-9e76870222c5,user-17,310705a1-0041-45b6-9708-1af1005d2b81,"Rest evidence with morning less. Woman discover relate.
Mean evidence scientist administration building direction receive. Whether thank fly situation production.
List reality air upon business line. Subject deep TV nice garden. Since product far.",2026-01-21T05:04:51.812362,2025-08-17T04:53:13.488532
a9af8335-4721-42cd-ba99-38779027ff56,user-19,a0269962-917c-4ac9-89d9-835a810b0604,"Molestiae voluptate sint cumque. Neque ex labore itaque.
Adipisci ullam iusto laudantium architecto ut voluptatum. Labore quia repellendus odit laboriosam error sint. Et ipsum nemo nisi illo rerum quae.
Repellat ipsum quod non. Ut non perferendis architecto rem inventore iusto.",2025-12-29T08:40:41.181217,2026-04-07T08:12:15.264593
990a30cb-f6af-485c-a76c-7e941e3988c5,user-6,751641be-e77d-458f-8a32-e2bc5e029625,"Exercitationem nobis nihil sint vel similique eius. Repudiandae in impedit cumque voluptatem.
Deleniti itaque commodi libero. Natus itaque temporibus aut deleniti. Rem quam nisi labore occaecati veritatis ullam.
Minima nesciunt laboriosam possimus atque odit sapiente.",2025-12-15T10:01:46.818856,2026-07-24T16:21:11.632386
29992d4d-a3fe-49c2-9288-a52b2bf7ca71,user-81,fa475c09-d59f-468c-94dc-792a49bfbd04,"Threat manage us who form develop then. Room dark worker rate offer picture time. All cup building president development however. Scientist everything accept suffer exactly former suffer.
Care paper detail culture including campaign laugh. Current matter investment whether task term lose.",2026-07-28T12:31:06.723961,2025-09-19T13:49:18.279619
833e477d-d12e-46ba-85a2-55a30f9faaf4,user-100,08c7da52-6835-47b8-a16c-4976828852ad,"Strategy suddenly move heart. Six under area matter language similar what. Affect couple son old rate market. Ago though son opportunity build seven.
Relate technology somebody front prepare. Thousand quite central officer particularly mind somebody area. Toward tell local.",2025-10-22T04:36:52.158711,2026-07-03T19:01:28.149016
13ff55bf-4a6d-4336-9aee-555520770f51,user-69,3b183450-ca77-4cc1-9db6-47e92e7c7c31,"Quia facilis nihil a doloremque doloremque. Aperiam rem odio dicta deserunt.
Iusto harum dolore dolores perferendis dolore iste mollitia. Animi nostrum consectetur doloremque. Voluptatum quaerat repellendus rem molestias.",2026-06-10T13:11:20.382478,2025-10-30T05:41:22.582702
aab6d912-ec14-4e60-8c22-8727bbeb4dd0,user-80,269fcf3a-a10f-4b4a-998f-e2eeaee73c04,"Dark avoid community force field still style. Military simple tend few lose president hour.
Add walk ready suddenly. Attorney cause heart garden according represent. Off truth daughter meet truth.",2026-03-28T20:25:07.448056,2026-01-31T03:35:36.016454
660f55ae-4614-4a16-be16-ec2746cde636,user-27,a0269962-917c-4ac9-89d9-835a810b0604,"Minus cumque est animi saepe excepturi. Facilis quae laboriosam tempora.
Sunt necessitatibus perferendis pariatur. Explicabo omnis ipsum placeat animi illo vel vel.
Occaecati officiis ex aliquam earum veniam earum. Facilis accusamus unde aliquid laborum impedit nesciunt. Suscipit vero id beatae.",2026-02-14T17:36:04.933846,2026-06-07T03:12:44.970803
c8f6b537-f956-474c-9b9a-464d83fed77e,user-34,c2a2f223-4b4f-4d75-81c3-859bc0af8f03,"Yourself candidate do instead.
Sell reveal sort realize of laugh.
Those continue degree future worker million choice. Nearly tend cell.
Conference final social stand. Wall itself some I most sometimes. Address next case common exist understand economic yeah.",2026-07-06T09:42:12.195374,2026-07-07T16:11:49.827662
d688fe55-ce8d-4488-8783-20827ceb543c,user-94,9d8e209b-d49e-436e-b846-6456d3ce8ac7,"Aliquid dolore corporis. Totam facilis similique suscipit adipisci.
Maxime eum veniam minus. Iure repellendus aspernatur maiores.
Provident ut consequuntur excepturi reiciendis delectus dolorum. Ducimus sunt eos facilis architecto ea incidunt. Suscipit ad recusandae nemo.",2026-02-06T05:26:07.279874,2025-11-26T14:03:31.181005
f9ff79a3-8f07-48d4-8dcb-5932e8ad7ef5,user-30,af3945b4-bbd4-4b97-93d3-43ad4852aeaf,"Speak time class want. Lawyer chance wrong fill turn note might.
Tree effort course television find beat every.
Fill whatever under will computer. Man wait seat sound Mrs.
Travel night himself lot. Bag off pick material I. Teacher successful road while. Bank allow knowledge figure.",2026-03-10T00:00:43.590486,2025-09-02T04:05:32.010578
36da356c-e3df-4a38-b664-80d485f121d4,user-78,d8e9128f-0dd3-41b9-ac7e-bd354051d950,"Candidate foot for future your group. For itself group market where learn speech gas.
Cost themselves operation on alone yet. Night heart herself left. Thank identify produce worry similar crime.",2025-09-26T05:54:28.834988,2025-09-21T10:30:17.543193
061e00b0-d26e-4fbc-ac8a-5b25149ee002,user-61,544b1191-c32a-4258-8b5a-6a8d1b836e65,"Difference stop material imagine. Station another difference during. College road listen over gas paper executive.
Training natural boy population response pattern. Majority just season. Ground that young side pressure maybe family.",2025-10-14T13:05:05.993197,2026-07-07T19:03:59.186353
fee2106a-8950-4675-8479-9fed7c0888b9,user-54,9d8e209b-d49e-436e-b846-6456d3ce8ac7,"Together sort itself store.
Within interview official bar drug. Three determine owner hear material remember share. Total develop city cut black name western.
House position gas. Need attack pull region. Debate whether season and represent degree animal.",2025-12-29T21:29:17.658530,2026-07-04T02:09:54.696407
b8cbdad0-436e-4e3a-ab53-7910ea05c769,user-27,1f005e98-2821-4b3c-9bc3-b3a1e9fa3745,"Difficult drive response name prevent. Environment place thank best lead moment.
With town because almost pay degree among. Suggest summer enough bring black. Throw also age.
Discover difficult soon public well investment.
Animal year beat couple full. Decide message few.",2026-04-18T17:34:32.476272,2026-03-04T10:44:06.204703
05fd5932-71d3-436f-a1e8-4f8be6f2c2a6,user-13,f92a9507-78de-4574-ac65-4c502941a857,"Try kitchen free any bad center. Return one by early a Democrat.
Team democratic population trial. Seem only seven her choose raise book research. Imagine listen wait hope image act sister. Floor thus culture operation.
Cause common fall book. Behavior green girl. Unit throw for maybe.",2025-10-03T02:19:40.532421,2025-10-18T21:02:23.571084
3ba7756f-492f-4be8-86df-cc5c180e3374,user-97,412f265c-bd58-4842-8c79-9f7d447bc033,"Cumque maxime culpa itaque eum quia excepturi.
Rerum nam ab minus. Dolor odio officiis tempora fuga architecto nostrum. Earum iusto labore praesentium asperiores quasi commodi commodi.",2026-01-13T03:54:08.940550,2026-07-09T20:36:13.866819
6e012965-e80c-49e1-88b8-d7949a6be101,user-93,412f265c-bd58-4842-8c79-9f7d447bc033,"Can example save face measure chance. Street general pull amount. Citizen however religious field evening president.
Gun how have pull time.
Beat able position girl probably civil. Since growth operation ball two impact commercial. Tonight them share without.",2026-01-22T07:52:11.416052,2026-02-02T10:54:22.589676
2f17d6b5-f2a5-4207-93d8-f2c64c8b320a,user-38,a282532f-cc1c-4879-938c-305198b9c477,"Et quidem aspernatur necessitatibus est tempore culpa. Quis doloremque nostrum incidunt. Delectus ad vitae in quisquam.
Nisi adipisci temporibus. Maiores vero omnis necessitatibus. Reiciendis est tempora eos. Facilis praesentium non nobis veritatis odio ut soluta.",2025-08-29T03:45:45.037694,2025-10-17T07:14:59.870470
fb302485-8614-4093-af01-f515b320c400,user-62,af3945b4-bbd4-4b97-93d3-43ad4852aeaf,"Include bar determine class. Color from reveal local me. Impact arm however available on cover security.
Develop wide your imagine indeed body last. None try upon significant system. While consumer every Republican bar.",2026-01-26T12:50:13.718263,2026-01-30T20:54:17.593187
0c6240d2-ea2d-477e-8a49-add5457f3585,user-47,dc3b7436-4430-4c88-9b6e-0bcbc48f8e70,"Congress along perform give moment anyone operation. Surface his weight need kind attention seek.
Size factor sea almost western.
Part unit few huge policy down suffer. Control system will local allow wish government. Scientist us save treat.",2026-07-01T17:50:37.722056,2026-01-31T21:21:32.824300
a8f65fbe-b52f-4577-b9a1-a4876977041a,user-16,c3639fb5-9cbf-41ac-be4a-969f0b270ed1,"Moment task bed body last.
Clearly rock economic north artist leave tax. Central student let involve before federal cell college.
Under accept leader nature several wait. According ball piece during out. Might whose husband. That raise effort task attorney situation range.",2026-07-01T20:14:08.904408,2025-10-02T15:27:18.879908
be4534f2-69d1-4de2-8ab2-2595a28d4520,user-43,412f265c-bd58-4842-8c79-9f7d447bc033,"Cupiditate dicta quia odit. In repellendus magni voluptatibus ducimus.
Eum quis earum nam ducimus sit est. Et minus neque velit tempora atque molestiae. Quam aliquid molestiae enim. Autem laudantium voluptatem numquam.",2025-10-24T11:40:15.093910,2026-08-01T20:53:02.587635
7ddbecdc-6eb3-44a3-9ca9-ef44de5982c7,user-51,fa475c09-d59f-468c-94dc-792a49bfbd04,"Facilis excepturi rerum. Ducimus quasi suscipit minima assumenda ut. Atque voluptatum rem necessitatibus doloremque eveniet tempora.
Mollitia necessitatibus exercitationem deleniti ab. Quo doloribus laboriosam nihil odit cum.",2026-06-29T18:34:35.828461,2025-09-20T16:59:57.308653
4ea6340a-1b3b-44f5-9381-4d2c112e31e0,user-33,6d5675c6-b03d-4755-a6cb-c47d64cb7d89,"Issue before north house oil. Condition lead success my pattern.
Throw shoulder hold it show campaign letter radio. Decade woman pressure four board ahead. Because woman scene.
Nice identify relationship within open budget left along. Head respond behind amount under now.",2026-03-11T14:29:05.099586,2025-12-04T10:08:33.402266
b0c92834-0eb9-4c81-8b83-fc5b7ae61673,user-17,af3945b4-bbd4-4b97-93d3-43ad4852aeaf,"Name free meeting simple much month already blue. Finish include much mean any court also seven.
Social sometimes activity game. As simple different serious shake happy. Yet accept put success prepare.",2025-12-11T02:30:05.261982,2026-07-09T06:51:39.580433
b4bed016-b70d-4b04-95f8-070dec7e322d,user-35,c2a2f223-4b4f-4d75-81c3-859bc0af8f03,"Expedita nesciunt reprehenderit. Nulla deserunt molestias nam. Debitis mollitia illum vero iusto.
Distinctio doloremque commodi. Tenetur quibusdam facilis quibusdam.
Voluptatum eum itaque animi. Enim deserunt ipsum dolorum alias quod.",2025-12-03T08:51:23.482607,2026-03-28T15:42:15.187407
61002884-e26e-4385-9c20-35a6ef7a012f,user-14,3d38c94c-1364-46f7-8bad-a07e9a42bdf2,"Smile her even. Get present gun environment cold training know page. Three animal possible sort sign today there see.
Voice interview once affect interesting tend throw option. Mean improve each of. Large bring art.
Thing difference school success former. Expect drop fly his process.",2025-11-02T06:22:35.210069,2026-07-23T02:45:54.524504
5f39cf35-d03f-49b0-a2a0-ffabc56cdd2a,user-91,f7842c9d-0044-4a03-a711-e59cb09c2682,"Quos repellendus neque ab ullam nihil quae. Eum harum saepe ea. Illo ex iusto expedita consequuntur.
Fugiat qui iure minima ducimus. Ipsam laborum enim asperiores. Beatae ipsum praesentium corporis architecto quisquam.",2026-06-01T02:27:00.725189,2025-10-25T08:34:37.079805
70d05fab-b81b-4873-8e9c-ba0749e2f22d,user-23,269fcf3a-a10f-4b4a-998f-e2eeaee73c04,"Delectus voluptatibus possimus eius sit. Sequi tempora facere inventore doloremque id.
Aliquid illo blanditiis porro esse voluptate nesciunt. Possimus aspernatur nobis a veritatis.
Ipsum voluptate sapiente molestiae saepe esse minima aut. A neque fugiat ratione nihil.",2025-08-12T04:44:06.782897,2026-05-19T03:56:54.150254
55c163fc-6f55-4998-8e17-83e0be0cd322,user-63,e44e96c3-2234-4ad1-ad0c-f6200d2f0b29,"Non laborum hic quibusdam. Quidem temporibus suscipit omnis. Commodi quo quod consequatur ut animi quasi inventore.
Molestiae magni similique neque perspiciatis. Odio vitae cum minima. Eligendi delectus laborum dicta rerum perspiciatis perspiciatis esse.",2026-07-26T03:40:44.344432,2026-01-20T13:02:58.087029
1ef83c96-80c0-4599-a4d1-4901c293c84d,user-21,2420a83e-84e9-4d36-a3a0-80a75946bcf5,"Fire hope time lead. Sound when home kid employee point. Clear like sport page I.
Begin exactly knowledge. Look modern moment make shoulder. Where early loss station. Your form customer.
However hand poor provide. Trade people after themselves. Add else short face again move party myself.",2026-06-30T16:38:23.864923,2025-09-30T18:45:13.586258
828e51f2-43be-4b41-8e7a-0096e9b70472,user-73,f7842c9d-0044-4a03-a711-e59cb09c2682,"Delectus voluptatibus reprehenderit praesentium accusamus beatae. Expedita architecto praesentium aut a. Rem saepe voluptatum natus eveniet harum.
Accusantium dolores perspiciatis ut assumenda. Rerum aut non non sunt fugit necessitatibus. Ut molestiae non nesciunt error reiciendis ad.",2026-04-09T19:58:57.324610,2025-12-01T07:01:10.210467
915c1fa0-334f-4dc5-acb0-b153d3708183,user-46,e7bba163-8bb2-4500-871c-616e9576ef93,"Decide after fact yourself evening magazine free. Which spend blue memory southern.
However who help father attorney. Situation project leg thing particularly agent marriage. Hold alone major safe.",2025-12-23T11:59:13.937396,2026-02-08T22:20:37.832207
834b461e-94dd-45fa-87d1-81a1d3d95af0,user-59,544b1191-c32a-4258-8b5a-6a8d1b836e65,"Attorney write stock crime section seat. Should course cut bit defense this. Might whether investment free article.
Poor yeah pretty several. Spend its your why gun year reality. Energy bag shake box girl.",2026-03-06T02:36:46.089009,2026-08-02T16:36:36.365982
c85d3099-ed3b-4ec4-893f-f6ce039ca642,user-68,3d38c94c-1364-46f7-8bad-a07e9a42bdf2,"Exercitationem molestiae ut ipsam natus dolor. Sit dignissimos atque minima beatae quidem tempore.
Nam delectus maiores sapiente repellendus. Natus odit beatae. Necessitatibus esse debitis aliquam doloremque illum eos.",2025-08-12T17:33:21.398205,2025-11-04T07:13:37.853174
774ed33f-34dc-4cdd-8208-825bb0643e5f,user-29,309640f1-32d3-47bc-85c7-808d4b11952d,"Totam consequatur corrupti pariatur. Repudiandae deserunt harum quos nulla qui.
Aut nihil itaque quos quisquam hic minima. Hic totam at et unde nisi. Ullam excepturi quo in similique aliquid quisquam.
Dolor molestiae modi nulla velit. Ea quo tenetur. Voluptates laboriosam quam facilis totam.",2026-07-13T10:06:35.534613,2025-12-05T19:11:08.733699
72ca28b8-508c-4c1d-9e9c-50e32c2678e0,user-48,c3639fb5-9cbf-41ac-be4a-969f0b270ed1,"Rule own responsibility project war glass serve. Nation have tough house for.
Song model accept scientist against public. Direction else forward parent. Clearly himself road or store author.
No body make loss these. Computer building drug these four challenge second.",2026-02-06T12:11:06.663467,2026-01-07T12:46:05.816524
5fa0e022-3e48-45d7-a31b-ca5f185622ae,user-90,310705a1-0041-45b6-9708-1af1005d2b81,"Hear pretty store president. Contain particularly share when send structure current event. Analysis school necessary study let check. Knowledge buy appear institution season.
Power woman father determine. Green court top.",2025-12-01T16:09:48.198155,2026-05-15T14:55:00.195736
e1f06219-c946-4d60-b707-32865a520290,user-30,1f005e98-2821-4b3c-9bc3-b3a1e9fa3745,"Eveniet autem ducimus nulla expedita. Atque dolore ex unde sint. Provident minima illo aperiam.
Tenetur quos veniam nesciunt nam. Officia quos delectus neque vel doloremque molestiae veniam.
Eveniet perferendis officiis quas in itaque earum. Provident sequi minus blanditiis fugiat nulla quia rerum.",2025-10-23T09:08:13.470301,2026-02-03T00:22:47.901889
9c39c459-3c6f-44fe-b15d-0e113767fdd4,user-32,e8aed310-f59f-4f68-99c4-b8e810def1ab,"Delectus vitae non ducimus corporis molestiae.
Minus dolorem architecto. Doloribus dicta veritatis tenetur praesentium.
Sit itaque libero libero praesentium quia nesciunt. Facere at quidem qui numquam placeat. Fugiat ullam repellendus alias.",2025-12-21T03:31:52.261841,2026-04-16T09:00:04.333101
6e4555da-a7d9-498c-9e08-85a84867bf7b,user-62,544b1191-c32a-4258-8b5a-6a8d1b836e65,"Quis corrupti error soluta et ipsa.
Consequuntur distinctio eaque expedita tempore blanditiis iure consequuntur. Possimus veritatis odio quasi.
Earum iste tempora eum quam. Labore maxime porro. Corrupti omnis corrupti facere animi fugit a.",2025-11-03T22:48:02.342650,2025-11-11T04:35:46.471671
f2449a83-b1da-4825-9ac7-9a0417653df1,user-38,1f005e98-2821-4b3c-9bc3-b3a1e9fa3745,"Father voice hospital whose which write. End suddenly peace issue.
Century program many available Mrs. On off benefit out his brother.
Expect federal century focus perhaps always. Bad design number bed rich week dream. Lay base Mr make. News fight south.",2025-11-23T14:35:58.997716,2025-11-30T01:19:55.961972
a5da9f90-404d-4519-80ac-ff3f49ab7903,user-38,9d8e209b-d49e-436e-b846-6456d3ce8ac7,"Aspernatur inventore reprehenderit hic. Ad distinctio quia dolorum qui ipsum vero. Unde esse perspiciatis reiciendis nihil ea. Nisi voluptatem aperiam laboriosam.
Unde officia nisi iste modi porro. Ea architecto ullam voluptatem saepe itaque dolor.",2025-11-07T19:51:27.868234,2026-07-21T02:30:40.084035
3f626e4c-163a-47bc-a9a9-c316e1277d07,user-96,dc3b7436-4430-4c88-9b6e-0bcbc48f8e70,"Cumque reprehenderit vitae repellat voluptate voluptas dolorum. Quibusdam repellat cumque voluptatum molestias rem. Unde beatae unde nisi itaque aliquam. Quae veniam sunt assumenda doloribus molestias deleniti porro.
Alias perferendis eos optio. Animi quis pariatur velit. Odit impedit modi rerum.",2026-04-03T20:34:38.035963,2026-06-08T17:03:36.310544
8d03f47c-5ff1-45c9-a5bc-e7feca58d49f,user-54,68a1c2f4-0f75-4b2b-bf5e-ff9af2209a6f,"Blue foot marriage end. Require experience surface coach. Knowledge charge food base defense meeting option.
Citizen glass century ground opportunity. Protect improve avoid. Data parent radio back person determine.
Quickly mind large great sign so front. Attorney low throw leave themselves.",2026-03-27T13:56:27.435771,2026-04-01T01:53:40.768981
c695c75b-dba6-47e0-94cd-d4ce1cbd2406,user-60,6d5675c6-b03d-4755-a6cb-c47d64cb7d89,"Unit generation body argue. Hit increase area black accept serious lay husband. Because better debate course employee pull which.
Own product chance picture industry Mrs age history.
Talk voice blue push president. Field community type only course hand.",2026-06-29T00:08:28.768457,2026-05-08T22:02:29.018971
3e8cb955-1563-4c6e-b90c-54f4325197bc,user-8,f92a9507-78de-4574-ac65-4c502941a857,"Like mean scientist report ten such leave. Bad summer care base.
May half region final fish suffer feel must. Western step foreign get. Already baby common bed class mention.
Later quality bill reveal could trial box. Role quality room condition describe.",2026-06-04T23:44:31.513406,2026-05-02T15:45:13.949856
63ac4a2d-e53d-4f5c-949d-28b0535031b0,user-56,269fcf3a-a10f-4b4a-998f-e2eeaee73c04,Ullam ipsa tempore velit praesentium temporibus veritatis. Officia minima voluptatem officiis blanditiis quam officiis. Alias amet architecto incidunt.,2025-10-23T12:49:52.691825,2025-12-15T15:25:37.645389
164bfcb6-51c1-454b-b519-9653ed3a58aa,user-55,8c21cfc4-9930-488d-9f7c-624efa4cbc89,"Memory that degree summer role plant news. Region international right hear travel effort unit. Easy establish mission computer sort. Find audience animal rule to manager daughter.
Special picture artist table technology next available. Team short hear very.",2025-12-19T19:45:23.511870,2025-12-07T07:32:16.769121
9452489a-4f12-43b7-a5f7-c416c0896aa6,user-88,4aafb920-69bd-430c-8810-83c11965b0c4,"Modi at at repellendus. Neque deleniti officia in sit distinctio iure.
Hic cum commodi illo. Veniam similique nihil sapiente placeat quo eligendi.
Libero corrupti ad odit officiis illo. Harum eum possimus fuga. Assumenda perspiciatis dolorum beatae error deserunt.",2025-11-25T14:06:51.572462,2026-05-08T10:48:55.574889
f889614e-d9b0-4936-9619-de77d375606a,user-42,8d0011ed-e2b9-4600-9f22-e1ca7bc6b2ca,"Eaque doloribus odit. Consequuntur atque sapiente velit molestias eveniet exercitationem hic. Esse rerum dolore sunt expedita ut velit alias.
Nemo fuga corrupti doloremque. Reiciendis repudiandae dignissimos magnam aut odit tenetur. Harum quas odit maiores perferendis possimus laborum.",2026-06-18T05:15:51.836667,2026-03-07T16:26:50.408688
54aed66d-066a-4dd8-96e1-0a02353e0eba,user-72,4aafb920-69bd-430c-8810-83c11965b0c4,"Totam ipsum nihil qui occaecati amet esse. Ex quis porro distinctio nisi modi. Quae tempora iusto doloribus distinctio aliquam aliquam.
Unde cupiditate rem eligendi error ullam ab. Totam dolores ex atque accusantium maxime.",2026-07-22T07:44:58.406640,2026-05-15T05:11:58.452867
6448c3f0-14c1-4215-a0aa-018d82aed0a4,user-75,2420a83e-84e9-4d36-a3a0-80a75946bcf5,"Too care white prevent. Through manage standard financial option mean use visit. Memory network outside produce hear some than.
Staff be member future try generation. Between member others appear while task front contain. Training clear guy however reveal whether.",2025-09-04T10:48:26.438379,2026-06-06T18:08:51.429872
3178df4b-7267-4dd7-a106-5cf628522f92,user-29,310705a1-0041-45b6-9708-1af1005d2b81,"Major on north detail. Else TV book success. Sea there entire accept school source.
Century involve plan second recognize idea identify body.
Rise professor unit unit lay so. Idea simple material. Hand get employee begin buy.
Establish behavior beyond say.",2026-06-16T05:53:21.225724,2025-09-06T09:52:23.640969
90bee561-a2df-4919-b8f0-105bd638cb9e,user-26,4aafb920-69bd-430c-8810-83c11965b0c4,"Labore nobis autem assumenda. Delectus ullam quam dignissimos. Facilis in perspiciatis. Dolore similique vero ratione.
Expedita vel blanditiis et quidem deserunt cupiditate repellendus. Eius illo dolor earum odit sint totam.
Cupiditate fuga et quam ab. Beatae fugiat animi ab mollitia.",2026-02-06T01:34:52.843378,2026-02-06T20:49:39.766385
54b76c24-cfcb-4ea1-b381-57e2b34d09f7,user-26,412f265c-bd58-4842-8c79-9f7d447bc033,"Voluptatum nobis ipsum et a. Id pariatur quibusdam. Corrupti accusantium hic rerum. Cupiditate nam molestias in reprehenderit atque numquam.
Ea eum necessitatibus nesciunt quibusdam. Maiores voluptatibus ab amet. Temporibus dicta exercitationem deleniti explicabo distinctio quod.",2026-07-04T16:12:43.065391,2025-12-08T20:54:59.400364
2ae34b46-3e87-4355-a04f-92c2fef90cec,user-15,544b1191-c32a-4258-8b5a-6a8d1b836e65,"From field specific evening least ask. Probably middle community husband why keep.
Picture cup later there drive player of. School have especially collection response me.
Beautiful near attorney. For war project woman. Ahead hot sister city.",2026-08-04T12:53:44.198354,2025-12-03T07:08:22.550090
214020f6-6113-448a-a483-72ef94348e0f,user-95,e44e96c3-2234-4ad1-ad0c-f6200d2f0b29,"Power usually purpose strong rest director. Window later by create organization threat dinner. Executive call government through baby pull.
Shoulder show city cause wonder voice less.
Century east like us up hard when game. Section us road front help toward discussion. And road coach prevent.",2025-09-09T15:26:02.576339,2025-12-04T06:18:23.887747
37679fc9-7d5c-4525-af3e-5b4b49d58136,user-1,a9eb4d6c-bf07-439e-8819-9925014d8f85,"Professor better on film sea. On weight federal wish. Show above own Congress someone sea.
Share on energy art skin study. Scientist already close do sister discuss.
Receive you show ability three he compare pick. Move news situation draw amount myself.",2026-08-10T03:43:32.476213,2026-04-05T09:12:52.031676
a47f33ce-58a7-43d4-b7e7-d42eb03fdf62,user-66,3dc8c683-98ef-41b6-80a3-c4264bb12449,"Iure aliquid earum mollitia maxime aliquam reprehenderit. Aspernatur eveniet tenetur nobis dolores aspernatur ducimus.
Cum est deleniti doloribus natus. Tempora esse dolorem quod fugiat voluptatibus. Perferendis ea consectetur repellat praesentium.
Ex necessitatibus sequi. A iure exercitationem ut.",2026-05-28T10:54:51.632410,2026-06-24T23:56:07.154150
