id,name,email,email_verified,image,role,created_at,updated_at
user-1,Joanne Villegas,user1@anmategra.com,2026-03-29T09:03:17.329046,https://picsum.photos/200/200?random=1,admin,2026-04-24T15:10:37.611863,2026-06-18T09:16:44.783438
user-2,Heather Donovan,user2@anmategra.com,2026-07-22T03:59:26.260000,https://picsum.photos/200/200?random=2,admin,2025-04-17T21:29:16.446133,2026-07-06T18:48:11.176778
user-3,Donald Fox,user3@anmategra.com,2025-09-16T22:52:44.044764,https://picsum.photos/200/200?random=3,lembaga,2025-12-01T16:53:57.408997,2026-04-03T21:53:47.598114
user-4,"Hasna Aryani, S.Ked",user4@anmategra.com,2025-09-23T09:26:18.574472,https://picsum.photos/200/200?random=4,lembaga,2025-01-27T07:24:43.168373,2025-10-17T17:18:09.926774
user-5,Chelsea Griffin,user5@anmategra.com,2026-03-03T18:39:57.485829,https://picsum.photos/200/200?random=5,lembaga,2025-02-24T22:32:25.719489,2025-08-29T15:37:59.173621
user-6,Maimunah Anggriawan,user6@anmategra.com,2026-05-17T19:02:08.633840,https://picsum.photos/200/200?random=6,lembaga,2025-12-06T05:16:59.576983,2026-06-02T09:16:32.648868
user-7,Carlos Williams,user7@anmategra.com,2026-06-02T07:55:19.256860,https://picsum.photos/200/200?random=7,lembaga,2026-06-27T22:51:30.619467,2025-08-19T23:25:40.628358
user-8,Erin Cooper,user8@anmategra.com,2025-11-14T09:32:40.274711,https://picsum.photos/200/200?random=8,lembaga,2025-06-15T10:16:02.505578,2026-05-22T21:57:28.977889
user-9,Dr. Joseph Morgan,user9@anmategra.com,2026-05-31T02:25:33.533818,https://picsum.photos/200/200?random=9,lembaga,2025-04-19T19:35:33.235743,2026-04-19T05:56:53.892371
user-10,Gina Garcia,user10@anmategra.com,2026-01-24T19:11:44.743045,https://picsum.photos/200/200?random=10,lembaga,2026-01-26T09:52:55.387435,2026-01-12T22:35:49.705064
user-11,"dr. Michelle Simanjuntak, S.Farm",user11@anmategra.com,2026-07-22T20:56:23.450713,https://picsum.photos/200/200?random=11,lembaga,2026-03-07T16:43:42.056235,2026-05-03T16:13:48.064225
user-12,Alison Owen,user12@anmategra.com,2026-04-10T05:40:23.287769,https://picsum.photos/200/200?random=12,lembaga,2025-05-09T08:32:48.003192,2025-10-20T06:07:41.005441
user-13,Shania Widodo,user13@anmategra.com,2025-10-22T06:54:12.192830,https://picsum.photos/200/200?random=13,lembaga,2025-03-29T17:08:16.008904,2026-01-11T04:31:49.038771
user-14,"Sutan Wadi Hastuti, S.Ked",user14@anmategra.com,2025-11-01T12:02:33.346054,https://picsum.photos/200/200?random=14,lembaga,2026-03-12T04:34:37.497825,2026-05-05T21:29:56.317694
user-15,"Zalindra Hastuti, S.E.I",user15@anmategra.com,2026-01-27T06:20:28.084030,https://picsum.photos/200/200?random=15,lembaga,2025-11-01T09:27:45.926335,2025-08-20T18:23:31.995584
user-16,Tedi Maheswara,user16@anmategra.com,2025-12-07T21:50:11.217113,https://picsum.photos/200/200?random=16,lembaga,2025-10-06T09:09:34.047894,2026-05-20T11:10:09.166121
user-17,Brady Gonzalez,user17@anmategra.com,2025-09-21T15:33:25.026006,https://picsum.photos/200/200?random=17,lembaga,2025-09-20T00:49:07.280669,2026-05-30T01:52:52.987163
user-18,"Endra Megantara, S.Psi",user18@anmategra.com,2026-02-10T20:04:45.420764,https://picsum.photos/200/200?random=18,lembaga,2026-02-09T18:57:28.097136,2025-11-19T12:59:29.223876
user-19,Sonya Cline,user19@anmategra.com,2026-05-10T13:12:34.529806,https://picsum.photos/200/200?random=19,lembaga,2024-08-25T21:42:23.286317,2026-05-17T14:01:07.297410
user-20,Joan Johnson,user20@anmategra.com,2026-03-03T11:05:37.236990,https://picsum.photos/200/200?random=20,lembaga,2026-03-05T07:06:24.987181,2026-03-14T05:07:29.739526
user-21,Alexis Rodriguez,user21@anmategra.com,2026-03-24T13:32:08.575089,https://picsum.photos/200/200?random=21,lembaga,2024-11-17T18:39:23.742203,2026-03-11T20:07:34.705709
user-22,"drg. Gambira Marbun, S.Farm",user22@anmategra.com,2026-07-23T00:33:10.830790,https://picsum.photos/200/200?random=22,lembaga,2025-04-28T13:31:18.805140,2026-01-20T05:03:18.795869
user-23,Victoria Blair,user23@anmategra.com,2026-07-13T00:29:40.452085,https://picsum.photos/200/200?random=23,mahasiswa,2024-10-10T04:00:36.193422,2026-01-08T01:26:13.136483
user-24,Drs. Maras Mulyani,user24@anmategra.com,2026-03-19T09:32:53.687455,https://picsum.photos/200/200?random=24,mahasiswa,2025-07-29T20:18:10.957849,2026-01-13T06:25:36.360183
user-25,David Dalton,user25@anmategra.com,2026-02-25T07:42:02.296137,https://picsum.photos/200/200?random=25,mahasiswa,2026-08-04T06:46:56.609240,2026-04-04T08:16:46.229797
user-26,Cody Parker,user26@anmategra.com,2026-01-22T10:17:41.334490,https://picsum.photos/200/200?random=26,mahasiswa,2026-07-17T13:48:58.186222,2026-08-10T02:55:50.469459
user-27,Ir. Umi Andriani,user27@anmategra.com,2026-04-13T12:45:18.221318,https://picsum.photos/200/200?random=27,mahasiswa,2026-06-21T14:53:29.573209,2025-12-02T14:43:44.324721
user-28,Kacung Sudiati,user28@anmategra.com,2026-04-05T22:43:04.911055,https://picsum.photos/200/200?random=28,mahasiswa,2025-11-30T12:38:21.950635,2025-10-03T16:52:52.808061
user-29,Selena Higgins,user29@anmategra.com,2025-08-19T00:19:58.753045,https://picsum.photos/200/200?random=29,mahasiswa,2025-07-08T12:44:01.439600,2025-08-10T13:47:43.081034
user-30,Roy Adams,user30@anmategra.com,2026-01-18T22:34:46.496284,https://picsum.photos/200/200?random=30,mahasiswa,2024-08-18T10:23:27.583555,2026-07-24T04:03:42.468363
user-31,Usyi Suryono,user31@anmategra.com,2026-04-01T03:39:23.586502,https://picsum.photos/200/200?random=31,mahasiswa,2024-10-16T14:01:51.988235,2026-01-09T02:55:14.746359
user-32,Nicole Carr,user32@anmategra.com,2025-08-17T02:04:42.696686,https://picsum.photos/200/200?random=32,mahasiswa,2025-06-04T19:14:44.564290,2025-12-03T05:59:55.502428
user-33,Suzanne Clarke,user33@anmategra.com,2025-08-12T19:08:56.466484,https://picsum.photos/200/200?random=33,mahasiswa,2024-09-14T12:25:48.627008,2026-08-08T20:29:16.783427
user-34,Puti Yani Irawan,user34@anmategra.com,2026-02-16T11:31:49.529114,https://picsum.photos/200/200?random=34,mahasiswa,2024-08-17T16:08:02.255810,2026-06-14T14:56:48.253277
user-35,Thomas Haley,user35@anmategra.com,2025-11-03T04:07:19.069454,https://picsum.photos/200/200?random=35,mahasiswa,2024-08-11T00:36:18.293100,2025-10-21T09:25:39.691681
user-36,"Tgk. Marwata Simanjuntak, S.Pt",user36@anmategra.com,2025-08-17T12:43:16.448811,https://picsum.photos/200/200?random=36,mahasiswa,2025-04-27T17:31:49.320127,2026-01-26T14:29:43.928566
user-37,Marilyn Mullins,user37@anmategra.com,2025-09-24T00:40:53.716758,https://picsum.photos/200/200?random=37,mahasiswa,2026-03-24T15:00:36.129042,2026-01-26T10:25:39.974558
user-38,Rebekah King,user38@anmategra.com,2026-01-09T12:43:18.719646,https://picsum.photos/200/200?random=38,mahasiswa,2024-08-17T08:02:08.553897,2026-06-16T16:53:46.202606
user-39,Kayla Curtis,user39@anmategra.com,2026-05-24T18:30:50.102183,https://picsum.photos/200/200?random=39,mahasiswa,2026-06-26T07:23:02.338643,2025-11-12T08:36:13.186088
user-40,Joseph Morris,user40@anmategra.com,2025-10-07T02:24:01.236680,https://picsum.photos/200/200?random=40,mahasiswa,2025-01-31T18:58:56.749273,2026-05-12T12:33:49.092638
user-41,Jason Thomas,user41@anmategra.com,2026-05-24T19:24:28.277001,https://picsum.photos/200/200?random=41,mahasiswa,2026-06-06T21:01:41.965589,2026-06-16T11:14:33.055126
user-42,Ir. Akarsana Mandasari,user42@anmategra.com,2025-09-09T22:47:08.389464,https://picsum.photos/200/200?random=42,mahasiswa,2025-10-24T05:51:29.713287,2025-10-29T14:18:53.956410
user-43,drg. Taufan Mangunsong,user43@anmategra.com,2026-07-17T15:49:10.990625,https://picsum.photos/200/200?random=43,mahasiswa,2026-05-03T13:52:15.243495,2026-07-09T08:44:58.085894
user-44,"Cut Clara Mulyani, S.E.",user44@anmategra.com,2026-05-10T11:58:50.472488,https://picsum.photos/200/200?random=44,mahasiswa,2026-03-28T16:52:13.310605,2025-09-07T18:30:06.399129
user-45,Jeremiah Atkins,user45@anmategra.com,2026-06-15T08:11:26.018153,https://picsum.photos/200/200?random=45,mahasiswa,2024-12-02T16:30:53.204859,2026-04-13T07:10:46.436836
user-46,Jennifer Hughes,user46@anmategra.com,2025-08-10T09:50:52.316432,https://picsum.photos/200/200?random=46,mahasiswa,2025-11-06T20:53:46.566215,2025-08-12T19:40:16.383387
user-47,Rebecca Moore,user47@anmategra.com,2026-05-27T18:55:32.430168,https://picsum.photos/200/200?random=47,mahasiswa,2025-09-07T06:53:05.409487,2026-06-12T00:10:11.829813
user-48,Kajen Santoso,user48@anmategra.com,2026-02-24T17:16:48.430007,https://picsum.photos/200/200?random=48,mahasiswa,2024-10-18T10:50:01.232429,2026-04-08T19:23:08.523678
user-49,Zizi Purnawati,user49@anmategra.com,2026-02-08T14:55:49.649325,https://picsum.photos/200/200?random=49,mahasiswa,2026-07-29T23:24:41.592127,2026-08-01T15:57:45.838409
user-50,Sadina Mustofa,user50@anmategra.com,2025-09-30T17:43:11.675011,https://picsum.photos/200/200?random=50,mahasiswa,2026-05-27T14:05:15.972640,2026-07-19T03:46:08.679721
user-51,Rebecca David,user51@anmategra.com,2026-07-14T03:31:44.740657,https://picsum.photos/200/200?random=51,mahasiswa,2025-04-20T02:04:18.425848,2026-04-30T06:03:50.154185
user-52,Brianna Hunt,user52@anmategra.com,2025-10-18T17:43:17.686643,https://picsum.photos/200/200?random=52,mahasiswa,2025-06-19T00:42:24.606591,2025-08-18T05:14:49.307826
user-53,Lutfan Saefullah,user53@anmategra.com,2026-05-08T14:13:48.742603,https://picsum.photos/200/200?random=53,mahasiswa,2026-05-23T08:58:27.962059,2026-02-08T06:46:24.034534
user-54,Cawuk Ramadan,user54@anmategra.com,2026-02-15T16:27:52.030458,https://picsum.photos/200/200?random=54,mahasiswa,2025-04-03T04:51:02.776712,2026-02-20T00:27:30.567957
user-55,Bagas Rahayu,user55@anmategra.com,2026-01-18T17:12:24.228093,https://picsum.photos/200/200?random=55,mahasiswa,2026-01-31T23:27:31.311283,2025-08-27T09:09:01.851371
user-56,Paiman Hardiansyah,user56@anmategra.com,2025-09-20T20:23:12.952847,https://picsum.photos/200/200?random=56,mahasiswa,2025-04-16T16:55:47.743746,2026-04-09T14:13:16.726743
user-57,"Dt. Banawi Mulyani, S.Sos",user57@anmategra.com,2026-07-22T02:02:37.672243,https://picsum.photos/200/200?random=57,mahasiswa,2026-06-27T19:55:11.843084,2026-07-15T04:15:13.962993
user-58,Jessica Beard,user58@anmategra.com,2026-07-15T17:28:30.895001,https://picsum.photos/200/200?random=58,mahasiswa,2026-03-06T02:44:46.435356,2026-02-05T23:08:08.351256
user-59,Tommy Ramos,user59@anmategra.com,2026-06-05T19:11:42.204590,https://picsum.photos/200/200?random=59,mahasiswa,2025-01-17T08:54:39.377192,2025-09-09T07:18:29.655396
user-60,Angela Schmitt,user60@anmategra.com,2026-06-13T00:26:35.014744,https://picsum.photos/200/200?random=60,mahasiswa,2026-07-06T02:15:45.325569,2026-08-02T14:41:03.302105
user-61,David Navarro,user61@anmategra.com,2025-12-16T03:09:48.235866,https://picsum.photos/200/200?random=61,mahasiswa,2026-02-11T10:33:33.473445,2025-11-20T08:24:45.922591
user-62,Katherine Brown,user62@anmategra.com,2025-08-20T14:04:25.422176,https://picsum.photos/200/200?random=62,mahasiswa,2025-02-14T17:05:12.869442,2026-01-07T05:36:16.600479
user-63,Keith Fuller,user63@anmategra.com,2026-07-25T03:43:17.160565,https://picsum.photos/200/200?random=63,mahasiswa,2026-01-29T01:39:59.486122,2026-02-17T03:08:23.798383
user-64,Tiffany Torres,user64@anmategra.com,2026-06-04T05:53:57.406518,https://picsum.photos/200/200?random=64,mahasiswa,2026-07-15T02:40:33.743913,2026-03-26T05:43:36.320458
user-65,dr. Candra Pudjiastuti,user65@anmategra.com,2025-12-23T10:09:54.888260,https://picsum.photos/200/200?random=65,mahasiswa,2026-02-18T21:45:56.876622,2026-05-06T08:24:47.252271
user-66,"Daru Usamah, S.H.",user66@anmategra.com,2026-01-10T19:42:54.683332,https://picsum.photos/200/200?random=66,mahasiswa,2025-05-16T02:33:25.371444,2026-08-02T13:00:47.841399
user-67,Ridwan Winarno,user67@anmategra.com,2026-08-03T15:28:36.174167,https://picsum.photos/200/200?random=67,mahasiswa,2024-12-27T19:44:40.765306,2026-05-28T02:01:39.680302
user-68,John Snyder,user68@anmategra.com,2026-08-09T00:20:03.193250,https://picsum.photos/200/200?random=68,mahasiswa,2025-09-10T00:22:57.534080,2025-11-16T07:53:19.200848
user-69,Cheryl Garcia,user69@anmategra.com,2025-10-08T23:02:44.538105,https://picsum.photos/200/200?random=69,mahasiswa,2026-04-20T16:58:41.518148,2026-01-10T09:25:43.290748
user-70,Aurora Mansur,user70@anmategra.com,2026-06-20T00:12:30.151551,https://picsum.photos/200/200?random=70,mahasiswa,2025-03-03T13:59:35.133353,2025-11-26T02:35:09.417262
user-71,Jennifer Bryant,user71@anmategra.com,2026-02-03T20:44:02.293148,https://picsum.photos/200/200?random=71,mahasiswa,2025-09-25T21:07:02.387426,2025-09-09T21:27:54.276063
user-72,Brandon Wolf,user72@anmategra.com,2025-12-28T07:13:21.509592,https://picsum.photos/200/200?random=72,mahasiswa,2026-06-16T23:24:33.589766,2025-10-16T08:09:52.082347
user-73,"Dr. Puji Nashiruddin, S.E.I",user73@anmategra.com,2025-12-06T23:50:40.967750,https://picsum.photos/200/200?random=73,mahasiswa,2024-08-12T06:32:58.236956,2026-04-26T20:17:09.699882
user-74,Jose Lewis,user74@anmategra.com,2026-01-22T23:39:24.080051,https://picsum.photos/200/200?random=74,mahasiswa,2025-07-05T21:39:29.358933,2026-07-10T07:12:34.841514
user-75,Hasan Susanti,user75@anmategra.com,2026-02-08T09:58:47.023770,https://picsum.photos/200/200?random=75,mahasiswa,2025-02-15T03:57:42.909508,2025-12-11T14:37:58.336055
user-76,Ihsan Simbolon,user76@anmategra.com,2025-08-31T12:28:02.530847,https://picsum.photos/200/200?random=76,mahasiswa,2025-12-24T05:04:57.955682,2026-08-04T00:10:54.397645
user-77,Holly Fox,user77@anmategra.com,2025-11-15T06:12:17.945656,https://picsum.photos/200/200?random=77,mahasiswa,2026-02-21T00:44:10.928045,2025-12-19T15:08:21.153625
user-78,Kevin Wilson,user78@anmategra.com,2025-09-13T11:39:53.915393,https://picsum.photos/200/200?random=78,mahasiswa,2025-02-06T07:01:48.280877,2025-11-16T23:10:55.338922
user-79,Dr. Christina Johnson,user79@anmategra.com,2026-05-15T22:48:09.561942,https://picsum.photos/200/200?random=79,mahasiswa,2026-06-11T20:40:17.685469,2025-12-04T21:19:54.226398
user-80,Alexandra Owens,user80@anmategra.com,2026-02-20T03:23:10.351552,https://picsum.photos/200/200?random=80,mahasiswa,2025-06-28T14:42:55.888477,2026-04-25T12:41:29.698400
user-81,Raymond Garza,user81@anmategra.com,2026-06-06T16:37:05.663594,https://picsum.photos/200/200?random=81,mahasiswa,2024-10-02T19:30:19.952439,2025-09-06T06:25:03.941376
user-82,Nicholas Curtis,user82@anmategra.com,2025-11-16T06:24:52.987760,https://picsum.photos/200/200?random=82,mahasiswa,2026-01-12T10:59:46.636103,2025-11-23T06:32:49.778467
user-83,Jonathan Banks,user83@anmategra.com,2026-03-03T16:53:07.548190,https://picsum.photos/200/200?random=83,mahasiswa,2025-05-22T02:59:17.485589,2026-05-18T20:24:21.453898
user-84,Brian Young,user84@anmategra.com,2026-01-18T20:36:04.662702,https://picsum.photos/200/200?random=84,mahasiswa,2025-08-07T08:27:14.192698,2026-03-02T08:37:21.710668
user-85,Michael Ferrell,user85@anmategra.com,2025-11-06T17:18:10.366390,https://picsum.photos/200/200?random=85,mahasiswa,2025-01-21T14:32:00.311126,2026-05-13T20:03:27.522639
user-86,Melinda Hutapea,user86@anmategra.com,2026-04-30T11:19:15.001004,https://picsum.photos/200/200?random=86,mahasiswa,2025-06-09T11:06:06.016117,2025-11-29T03:38:59.248993
user-87,Salwa Mahendra,user87@anmategra.com,2025-11-28T08:05:00.149878,https://picsum.photos/200/200?random=87,mahasiswa,2024-11-28T05:22:56.916506,2026-03-04T15:27:26.966333
user-88,John Edwards,user88@anmategra.com,2026-07-30T08:30:54.419425,https://picsum.photos/200/200?random=88,mahasiswa,2025-02-01T02:27:32.409945,2026-07-29T20:04:01.213168
user-89,Michelle Vasquez,user89@anmategra.com,2025-10-30T10:41:09.397897,https://picsum.photos/200/200?random=89,mahasiswa,2024-08-25T20:49:47.394692,2026-04-26T22:56:19.193157
user-90,Drs. Kayun Hutasoit,user90@anmategra.com,2025-08-28T16:14:28.763134,https://picsum.photos/200/200?random=90,mahasiswa,2024-12-25T19:59:55.878755,2026-04-02T04:11:39.380071
user-91,Richard Jones,user91@anmategra.com,2026-05-21T02:53:30.081623,https://picsum.photos/200/200?random=91,mahasiswa,2026-05-05T14:20:35.593756,2026-08-07T09:54:37.321684
user-92,Kathleen Arroyo,user92@anmategra.com,2025-11-14T03:29:57.903314,https://picsum.photos/200/200?random=92,mahasiswa,2025-04-18T07:52:27.160405,2026-04-12T17:54:49.418714
user-93,Gada Palastri,user93@anmategra.com,2026-06-26T07:05:11.900337,https://picsum.photos/200/200?random=93,mahasiswa,2025-09-19T02:39:07.775379,2026-06-21T10:01:51.705529
user-94,Richard Cruz,user94@anmategra.com,2026-07-21T22:58:11.689192,https://picsum.photos/200/200?random=94,mahasiswa,2026-04-14T16:47:07.879978,2026-06-05T22:15:56.525115
user-95,Whitney Ellison,user95@anmategra.com,2025-11-04T14:53:19.060732,https://picsum.photos/200/200?random=95,mahasiswa,2025-07-25T07:23:35.780063,2026-01-02T14:57:03.250206
user-96,Kenari Yolanda,user96@anmategra.com,2026-08-08T17:47:20.208492,https://picsum.photos/200/200?random=96,mahasiswa,2025-03-19T20:57:19.265460,2026-04-13T16:38:10.164162
user-97,"R. Arsipatra Hartati, S.Psi",user97@anmategra.com,2026-07-10T12:13:51.966569,https://picsum.photos/200/200?random=97,mahasiswa,2024-09-12T03:27:03.527881,2025-12-30T16:44:54.090446
user-98,Vivi Iswahyudi,user98@anmategra.com,2026-03-31T04:45:11.914739,https://picsum.photos/200/200?random=98,mahasiswa,2025-12-25T20:53:56.601994,2025-10-03T17:33:01.610775
user-99,"R.A. Maimunah Rajasa, M.Ak",user99@anmategra.com,2025-11-21T21:16:08.351432,https://picsum.photos/200/200?random=99,mahasiswa,2024-10-02T01:57:09.242625,2026-07-02T18:14:24.475385
user-100,Anthony Gibson,user100@anmategra.com,2026-04-20T03:24:46.329854,https://picsum.photos/200/200?random=100,mahasiswa,2025-10-29T17:54:57.952555,2026-03-13T03:35:26.665137
