id,email
82ee8b6f-f1b5-4b0d-b7b8-23efa5e4129c,wilkinsleah@example.com
9f774d64-2beb-44a6-af31-017d208075a9,juli62@example.com
0f47ed3d-37bf-4a12-ac83-7aa24eba23d7,jrajata@example.net
cfeecf6f-e8d8-4b93-b53b-9ac26e53a30f,nyanaiswahyudi@example.net
b85481be-1106-4930-b454-61862d23b51b,eddieball@example.org
a02ce6da-6076-4646-bb51-7086ab908904,andrew50@example.net
208a08e3-cd57-4a05-94d9-62abd04bb345,smithelizabeth@example.org
6eb9ff5b-b106-493b-86ab-24a0053791cb,dalimin61@example.net
8ca4f7b4-9ff7-4929-9bb7-9f0cb9c31ec5,hpradipta@example.net
6cbfd734-5e9f-4d2e-ae10-990d915dd33d,hallmorgan@example.org
737312a6-3a41-4e9c-85a6-f0365a507f32,lintang68@example.org
4614f681-420f-4ca0-b3be-eb98ac972c47,luhunganggriawan@example.org
416c3657-1b14-43f2-a79e-df2a66215f81,ghaliyati52@example.com
04b0e7a4-fd16-467c-a865-dfdf60fd11f0,williamsjennifer@example.org
f7d6841d-32f1-48a6-909e-c6d91e4bffab,kristinabarton@example.com
37156559-71c5-4a6b-85b7-805674bf9a36,laksmiwatiputi@example.org
e546833a-8697-4787-aca8-55a81c15be63,xsimbolon@example.net
0bec5cd7-c1d2-4719-afd5-f618d466503b,michaelbates@example.org
6a2ca474-e690-4cc2-931f-b85ba67ec929,lailasarigambira@example.com
12d75002-c82b-4ec0-9da3-ebb621dfeaff,gamantomarpaung@example.com
f45ebf42-5813-44e7-b7dd-710d231f1681,nurdiyantizulaikha@example.org
81f82d0e-bb99-4ab4-b82c-486828e11f31,wahyunianastasia@example.org
85991bb4-83e8-4b9e-9003-2d4199d04c6c,cornelia61@example.com
d32adc1d-8372-4fcf-9c01-f03965a70c2b,johnjohns@example.org
671d548d-3000-4a5b-a488-e216b52376ad,gregory22@example.net
2e801b93-9bd0-4d87-968e-7e7d9d42cc11,smulyani@example.com
dd31063b-d9a4-49cc-bbcb-8d48fd3fa3d1,jonessteven@example.org
170b2685-74c2-4b5e-a044-d36313d99a1e,febipradipta@example.com
1521d6f1-974a-4bab-b0a8-4967e727edfe,amandasteele@example.net
43159482-1885-424f-8693-03327726bdf3,sabar05@example.net
88a4a1c6-f8ff-4851-ac64-283a2cf5a878,mangunsongpaiman@example.net
7ede4499-ec66-48be-bb80-297caf1bb4b2,tirta56@example.com
a0d58598-b1b2-4bf5-9303-f6f95dee4ae3,larry77@example.org
1c1dcb96-dbe2-498d-9ed6-803f13c418cc,wjohnson@example.org
220ec1ad-d383-4c99-90e9-5a60e7ff35fa,dabukkedarman@example.net
d786d789-db2d-4c6e-b7ca-8a9711463820,llestari@example.com
d528c434-7b24-45d5-9a2b-a2d32c8173ab,rachelswanson@example.com
5cce5504-9b23-41b8-9d38-4e1ea4d658c0,okto06@example.org
5656bbd8-567d-421e-9e5e-885bad698293,megantaraluwar@example.org
48383645-e8bb-4d78-b706-9e549507ce50,jharris@example.org
c51c767b-8953-48a5-9a14-915b085f6b02,purwanto50@example.org
3b8bd9e8-27d5-41d7-ab0a-8baf7e3a39d1,lmaryadi@example.org
eb847d9d-7c46-43a3-946d-86b0181e32a7,eric40@example.org
8afa47ac-d702-466c-9bd9-139537986f64,hasnamayasari@example.net
7c699d8d-805a-4ff5-aa4a-04779530992f,stricklandedward@example.net
49b8a3f1-4f8c-46c4-bdb1-3defa8f2fd03,stephengonzales@example.com
7af0116e-4577-4510-b649-d293982010de,rthamrin@example.net
ea371214-c044-463f-ada9-b5aae08ac826,wage70@example.com
213e0b3e-b51f-4a89-81ac-a5a299985792,iowen@example.com
51d4d04b-c839-4943-9c76-cdd558c627b3,laksitadasa@example.org
4540524d-599c-4179-b710-787474b13e67,habibilasmanto@example.org
98c1ea89-2832-4f0e-8aa4-63881b23a06b,emandasari@example.org
01507e3b-d655-4baf-9b7f-3c2f8b0441f0,rebeccarivera@example.org
95436003-2f5c-46ca-9f0b-c24c79059fe0,yvetteparks@example.com
daabb4d8-0e6e-4cf0-877f-7deeadfce050,intanpermata@example.net
6531a398-724b-4082-a8f0-553ac0013d04,vanyahasanah@example.org
c4bf098f-454b-443c-a2bd-82f1b079ae73,hidayatiriana@example.org
2adfbabd-62d1-4165-b2b6-62f7d6943a8a,jessica33@example.com
0d709109-a775-425d-b31e-ef4c8baae5c6,uuwais@example.net
eca574c4-fefa-4c21-b483-d21debaa5811,phart@example.com
264e19ab-2eb1-494b-8f54-b7bbb05e2eed,mulyanigina@example.net
b93b43ec-a95d-4184-be25-e8f09a2f021b,ricardocohen@example.com
32c06d64-1327-4996-8693-907ae4b29cd0,murphysean@example.com
f3853bc8-5cad-4b72-a9f2-3d01ab4069ea,ibranisusanti@example.com
538be67e-3565-4e31-954f-f3ec842714cc,crystalblack@example.net
9640ff4d-3b53-43ca-a07e-f94b5002230a,draketimothy@example.com
cad8a985-ca5d-4da1-8b57-9d6d78286e7a,asman65@example.org
06fa2dc8-7b5e-48b8-b001-f242b4565798,christopherleon@example.com
8d550c6f-da84-44c1-8628-61ea4d82527b,maryadijanet@example.net
e3e5a3c1-992b-448c-8028-3abd14bfb51c,irsad29@example.net
951ee2c8-789e-4750-bb61-7b138fba7d4e,anthony66@example.net
b3e2d7e4-e6f0-42b0-9ae6-ebc9f64555e6,rduncan@example.net
5cacfd3a-3918-40ed-a078-a35ff2d0be9c,barrettteresa@example.net
5eb3c1f4-ff4a-4a54-8bf3-f3acf494db83,rachelwilliams@example.org
685394c0-8f5d-4114-a773-662e19c539ab,tari56@example.net
1a7264aa-7035-4e23-ae73-0082c24fa49a,ydavis@example.net
a113d1ed-183d-4ace-9722-84e1be0d20a2,npradana@example.org
8ef3d817-23be-4e62-aeb2-5618d1d20fac,courtneykelly@example.net
0d14549f-c729-4077-a15e-12b12ae1defa,paulcollins@example.net
48a32a2c-7362-4070-a244-d76d07009e2f,pwilliams@example.net
e71186bf-0b54-462a-8597-a4878a35dff9,reedphilip@example.org
ad1e1d5a-eaad-4e25-9f32-3118543359ff,laura27@example.com
5954c729-8337-492f-b048-61784a8fb1c8,ouwais@example.com
e6469644-d5ea-4a4c-a186-6d4d32a1ac50,christinapeterson@example.com
cb5a9040-578c-4fd1-985f-38d65659e74c,gsimanjuntak@example.org
6acf34d3-7087-4d9d-8094-03f9aca2e014,maheswaraprayitna@example.org
ec736ed0-9a97-46e4-842e-ea7eddfc62a6,gonzalezjason@example.org
ddbc8f7c-a4ba-4db3-8bc9-cedaf6f1205a,briana89@example.com
585534ca-c325-488f-a59f-5ef8e7bda9eb,leslie09@example.org
d2b133ca-d206-4bb6-bced-3b78ff755760,pmay@example.com
cf7cb465-22e5-43ff-b31e-d62865b7a122,yessisiregar@example.net
c441a90a-3935-46ba-bf8f-d791726afc6d,ekonuraini@example.org
3da40240-b5d7-4ef8-b5cb-1950697df524,melissahowe@example.org
62741fe2-917a-4722-bedd-0c5ff9f9b649,jakagunawan@example.org
352cca35-b37b-4a98-8ced-77eea7562626,megantarapraba@example.com
5c56234d-acf0-495d-9cc5-4afff8ed4b84,thompsoneric@example.net
93c2d321-7ac4-4087-ad33-bf7943a91a67,wjailani@example.net
f45b3f8e-eb9f-4d35-bcac-aa2e2775ca26,artawanhidayanto@example.com
ec2187a6-29e5-4ee5-94e8-2272b4956050,mahdi34@example.org
62d5f6de-a1b6-46b4-8af2-81f8c64ddd45,kjones@example.com
d63c773e-658d-48f6-8501-d4ca44beb825,angelaanderson@example.org
30a18978-67d8-40c8-9d4e-7f470cd24527,nicolescott@example.net
371eaf01-a457-4eca-a1ad-9cd0b3838485,zalindra44@example.net
c0ef9b40-065f-4eea-a015-150fb2c84048,rama83@example.com
80ab2e7b-bce9-4c20-850c-6c416014da27,uyainahghaliyati@example.org
d1e19d74-8c2c-4649-9da1-45def0e167c2,charleshouston@example.org
8ac2cb48-e305-4b02-8f89-fd43fbf86740,wmaryadi@example.net
94a8e243-7ecb-4076-906f-3d9804635988,husada@example.com
bb84c37b-313e-4950-8a05-6133410de4de,david83@example.net
76b283d2-1fea-497d-80d5-ac3bddb650a6,aryaniemil@example.com
c38234ee-dd45-4d97-848a-015495450788,winarsihlutfan@example.net
ec9a4ffe-3f91-45d7-bd05-d6f16592ee08,jason64@example.org
621a3a56-b652-43a4-9126-7fc7a06c6e5b,fhayes@example.org
31279378-0425-4a97-b38c-d84a619f8a7b,crobinson@example.com
53f2a36e-28ab-4e34-8cd3-032ab9de6884,ismailhutagalung@example.net
5c5663d7-85e3-4b1e-9d12-d34e685670eb,emannatsir@example.net
22e06c0d-846e-49b5-b4c5-488322a75ade,mustofaalambana@example.org
e2ff95f5-caac-4d56-8510-94955c42d124,calderonkenneth@example.org
a1dccd00-302a-45d9-9f37-3f1060066fed,matthewdavis@example.org
54aa0939-5e61-4966-90c5-5c4bb4853d13,parkertheresa@example.org
