identifier,token,expires
sullivanjames@example.com,cd87a302-e077-43da-9f19-3a4fe01f339c,2026-08-11T00:48:22.365816
samosirtitin@example.org,1456f22b-fee6-4954-af83-f80b76fd7f05,2026-08-10T14:38:52.039127
chapmantracy@example.com,dd1c58fa-8cb5-4d02-b88f-2f968a8e77f6,2026-08-11T00:38:11.788961
tammyherman@example.com,fcd14322-cabf-4973-83ac-289d12d345d6,2026-08-10T14:43:59.408598
welchjoseph@example.com,6c579c64-5fc3-4b29-861b-4df936babf46,2026-08-10T19:07:08.404488
jameslinda@example.org,902db93d-b40f-4b6d-9243-5446cf86d456,2026-08-10T06:55:53.697922
lindsay27@example.org,a6e0cbda-e966-48f3-8d3f-7820bc40bce6,2026-08-11T02:44:51.282763
robinweaver@example.com,32553cfa-0271-434c-b885-7deeeea8b381,2026-08-10T16:35:35.318597
jacksonrenee@example.com,33b44ffb-dc3a-4c81-b042-6ef1fbd297c6,2026-08-11T00:42:06.586726
vallen@example.net,f7106b00-01e6-45e0-9bb5-c19c4da4b288,2026-08-10T08:33:44.336738
ybarnes@example.com,a8898b66-6942-49d5-99e4-edba53d5e175,2026-08-11T04:29:30.361448
pardimaulana@example.com,72bb5491-aa2a-42d6-8c89-ff926e36c97c,2026-08-11T02:09:53.190038
praba32@example.com,660bc908-01af-47be-8fd1-cd02b740a90e,2026-08-10T15:30:06.348013
jeremy41@example.net,dccecb35-cef0-4517-9e58-83f2820b8919,2026-08-10T05:50:31.357954
mujurpuspita@example.net,39765205-5bdf-43ba-a823-8b51af43a2d6,2026-08-10T11:16:01.458456
pharrell@example.com,654fdde0-ba48-4b46-8c8b-b3989d717e34,2026-08-11T00:23:02.214852
brianterry@example.net,b667a387-106e-4a7f-9f46-7f5964f78550,2026-08-10T09:08:33.973056
johnrodriguez@example.com,11f738ac-0ca7-48af-a3f4-31bd5cacbc44,2026-08-11T00:18:05.600701
wijayaparamita@example.net,4d8c3352-a33f-4157-8bb3-fe5c3f2a86c7,2026-08-10T06:54:58.095592
jumaritarihoran@example.com,fae3e714-1a3e-487c-8cba-f3c249ffdcd3,2026-08-10T23:18:25.834129
